
/* 
 * Insertion of AccessiWeb 2.1 reference
 */
 
SET FOREIGN_KEY_CHECKS=0;


--
-- Content of table reference
-- 

INSERT IGNORE INTO `reference`(`ID_REFERENCE`, `CD_REFERENCE`, `LABEL`, `RANK`, `URL`, `COUNTRY`, `INFO_MAX_DEPTH`, `TEST_MAX_DEPTH`) VALUES
(1, 'AW21', 'AccessiWeb 2.1', 10, 'http://accessiweb.org/index.php/accessiweb_2.2_liste_deployee.html', 'france', '+1', '-2');

--
-- Content of table `reference_level`
--
INSERT IGNORE INTO `reference_level` (`ID_REFERENCE_LEVEL`, `CD_REFERENCE_LEVEL`, `DESCRIPTION`, `LABEL`, `RANK`) VALUES
(1, 'AW21-Bronze', NULL, 'Bronze', 10),
(2, 'AW21-Silver', NULL, 'Argent', 11),
(3, 'AW21-Gold', NULL, 'Or', 12);

-- 
-- Content of table reference_depth
--
INSERT IGNORE INTO `reference_depth`(`ID_REFERENCE_DEPTH`, `CD_REFERENCE_DEPTH`, `DEPTH`, `RANK`) VALUES
(1, 'AW21-depth+1', 1, 1),
(2, 'AW21-depth-1', -1, 2),
(3, 'AW21-depth-2', -2, 3);

--
-- Content of table reference_info
--
INSERT IGNORE INTO `reference_info` (`ID_REFERENCE_INFO`, `CD_REFERENCE_INFO`, `LABEL`, `RANK`, `ID_REFERENCE_DEPTH`) VALUES
(1, 'AW21-01', '1', 1, 1),
(2, 'AW21-02', '2', 2, 1),
(3, 'AW21-03', '3', 3, 1),
(4, 'AW21-04', '4', 4, 1),
(5, 'AW21-05', '5', 5, 1),
(6, 'AW21-06', '6', 6, 1),
(7, 'AW21-07', '7', 7, 1),
(8, 'AW21-08', '8', 8, 1),
(9, 'AW21-09', '9', 9, 1),
(10, 'AW21-10', '10', 10, 1),
(11, 'AW21-11', '11', 11, 1),
(12, 'AW21-12', '12', 12, 1),
(13, 'AW21-13', '13', 13, 1);

--
-- Content of table reference_test
--

/* Tests */
INSERT IGNORE INTO `reference_test` (`ID_REFERENCE_TEST`, `CD_REFERENCE_TEST`, `DESCRIPTION`, `LABEL`, `RANK`, `URL`, `ID_REFERENCE_LEVEL`, `ID_REFERENCE`, `ID_REFERENCE_INFO`, `ID_REFERENCE_DEPTH`) VALUES
(1, 'AW21-01011', 'Chaque image (balise img) a-t-elle un attribut alt ?', '1.1.1', 1, 'http://www.braillenet.org/accessibilite/referentiel-aw21/liste-deploye.php#test-1-1-1', NULL, NULL, NULL, 3),
(2, 'AW21-01012', 'Chaque zone (balise area) d''une image réactive a-t-elle un attribut alt ?', '1.1.2', 2, 'http://www.braillenet.org/accessibilite/referentiel-aw21/liste-deploye.php#test-1-1-2', NULL, NULL, NULL, 3),
(3, 'AW21-01013', 'Chaque bouton de formulaire (balise input avec l''attribut type="image") a-t-il un attribut alt ?', '1.1.3', 3, 'http://www.braillenet.org/accessibilite/referentiel-aw21/liste-deploye.php#test-1-1-3', NULL, NULL, NULL, 3),
(4, 'AW21-01014', 'Chaque image applet (balise applet) a-t-elle un attribut alt ?', '1.1.4', 4, 'http://www.braillenet.org/accessibilite/referentiel-aw21/liste-deploye.php#test-1-1-4', NULL, NULL, NULL, 3),
(5, 'AW21-01021', 'Pour chaque image de décoration (balise img) ayant un attribut alt, le contenu de cet attribut est-il vide (alt="") ?', '1.2.1', 5, 'http://www.braillenet.org/accessibilite/referentiel-aw21/liste-deploye.php#test-1-2-1', NULL, NULL, NULL, 3),
(6, 'AW21-01022', 'Pour chaque zone non cliquable (balise area avec l''attribut nohref), non porteuse d''information et ayant un attribut alt, le contenu de cet attribut est-il vide (alt="") ?', '1.2.2', 6, 'http://www.braillenet.org/accessibilite/referentiel-aw21/liste-deploye.php#test-1-2-2', NULL, NULL, NULL, 3),
(7, 'AW21-01023', 'Pour chaque image applet (balise applet) non porteuse d''information et ayant un attribut alt, le contenu de cet attribut est-il vide (alt="") ?', '1.2.3', 7, 'http://www.braillenet.org/accessibilite/referentiel-aw21/liste-deploye.php#test-1-2-3', NULL, NULL, NULL, 3),
(8, 'AW21-01024', 'Pour chaque image objet (balise object avec l''attribut type="image/...") non porteuse d''information, l''alternative textuelle entre <object> et </object> est-elle vide ?', '1.2.4', 8, 'http://www.braillenet.org/accessibilite/referentiel-aw21/liste-deploye.php#test-1-2-4', NULL, NULL, NULL, 3),
(9, 'AW21-01025', 'Chaque image embarquée (balise embed avec l''attribut type="image/...") non porteuse d''information vérifie-t-elle une de ces conditions ?\n* L''élément noembed est absent de la page\n* L''élément noembed ne contient aucune description de l''image ', '1.2.5', 9, 'http://www.braillenet.org/accessibilite/referentiel-aw21/liste-deploye.php#test-1-2-5', NULL, NULL, NULL, 3),
(10, 'AW21-01031', 'Pour chaque image porteuse d''information (balise img) ayant un attribut alt, le contenu de cet attribut est-il pertinent (hors cas particuliers) ?', '1.3.1', 10, 'http://www.braillenet.org/accessibilite/referentiel-aw21/liste-deploye.php#test-1-3-1', NULL, NULL, NULL, 3),
(11, 'AW21-01032', 'Pour chaque zone (balise area) d''une image réactive, porteuse d''information et ayant un attribut alt, le contenu de cet attribut est-il pertinent (hors cas particuliers) ?', '1.3.2', 11, 'http://www.braillenet.org/accessibilite/referentiel-aw21/liste-deploye.php#test-1-3-2', NULL, NULL, NULL, 3),
(12, 'AW21-01033', 'Pour chaque bouton associé à une image (balise input avec l''attribut type="image") ayant un attribut alt, le contenu de cet attribut est-il pertinent (hors cas particuliers) ?', '1.3.3', 12, 'http://www.braillenet.org/accessibilite/referentiel-aw21/liste-deploye.php#test-1-3-3', NULL, NULL, NULL, 3),
(13, 'AW21-01034', 'Pour chaque image applet (balise applet) porteuse d''information et ayant un attribut alt, le contenu de cet attribut est-il pertinent (hors cas particuliers) ?', '1.3.4', 13, 'http://www.braillenet.org/accessibilite/referentiel-aw21/liste-deploye.php#test-1-3-4', NULL, NULL, NULL, 3),
(14, 'AW21-01035', 'Pour chaque image objet (balise object avec l''attribut type="image/...") porteuse d''information et ayant une alternative textuelle, l''alternative textuelle entre <object> et </object> est-elle pertinente (hors cas particuliers) ?', '1.3.5', 14, 'http://www.braillenet.org/accessibilite/referentiel-aw21/liste-deploye.php#test-1-3-5', NULL, NULL, NULL, 3),
(15, 'AW21-01036', 'Pour chaque image embarquée (balise embed avec l''attribut type="image/...") porteuse d''information et ayant une alternative textuelle, l''alternative textuelle entre <noembed> et </noembed> est-elle pertinente (hors cas particuliers) ?', '1.3.6', 15, 'http://www.braillenet.org/accessibilite/referentiel-aw21/liste-deploye.php#test-1-3-6', NULL, NULL, NULL, 3),
(16, 'AW21-01037', 'Pour chaque image porteuse d''information et ayant une alternative textuelle, l''alternative textuelle est-elle courte et concise (hors cas particuliers) ?', '1.3.7', 16, 'http://www.braillenet.org/accessibilite/referentiel-aw21/liste-deploye.php#test-1-3-7', NULL, NULL, NULL, 3),
(17, 'AW21-01041', 'Pour chaque image (balise img) utilisée comme CAPTCHA ou comme image-test, ayant un attribut alt, le contenu de cet attribut permet-il d''identifier la nature et la fonction de l''image ?', '1.4.1', 17, 'http://www.braillenet.org/accessibilite/referentiel-aw21/liste-deploye.php#test-1-4-1', NULL, NULL, NULL, 3),
(18, 'AW21-01042', 'Pour chaque zone (balise area) d''une image réactive, utilisée comme CAPTCHA ou comme image-test, et ayant un attribut alt, le contenu de cet attribut permet-il d''identifier la nature et la fonction de l''image ?', '1.4.2', 18, 'http://www.braillenet.org/accessibilite/referentiel-aw21/liste-deploye.php#test-1-4-2', NULL, NULL, NULL, 3),
(19, 'AW21-01043', 'Pour chaque image (balise applet) utilisée comme CAPTCHA ou comme image-test, ayant un attribut alt, le contenu de cet attribut permet-il d''identifier la nature et la fonction de l''image ?', '1.4.3', 19, 'http://www.braillenet.org/accessibilite/referentiel-aw21/liste-deploye.php#test-1-4-3', NULL, NULL, NULL, 3),
(20, 'AW21-01044', 'Pour chaque bouton associé à une image (balise input avec l''attribut type="image") utilisée comme CAPTCHA ou comme image-test, ayant un attribut alt, le contenu de cet attribut permet-il d''identifier la nature et la fonction de l''image ?', '1.4.4', 20, 'http://www.braillenet.org/accessibilite/referentiel-aw21/liste-deploye.php#test-1-4-4', NULL, NULL, NULL, 3),
(21, 'AW21-01045', 'Pour chaque image objet (balise object avec l''attribut type="image/...") utilisée comme CAPTCHA ou comme image-test, et ayant une alternative textuelle, l''alternative textuelle entre <object> et </object> permet-elle d''identifier la nature et la fonction ', '1.4.5', 21, 'http://www.braillenet.org/accessibilite/referentiel-aw21/liste-deploye.php#test-1-4-5', NULL, NULL, NULL, 3),
(22, 'AW21-01046', 'Pour chaque image embarquée (balise embed avec l''attribut type="image/...") utilisée comme CAPTCHA ou comme image-test et ayant une alternative textuelle, l''alternative textuelle entre <noembed> et </noembed> permet-elle d''identifier la nature et la fonct', '1.4.6', 22, 'http://www.braillenet.org/accessibilite/referentiel-aw21/liste-deploye.php#test-1-4-6', NULL, NULL, NULL, 3),
(23, 'AW21-01051', 'Chaque image (balises img, area, applet, object, embed) utilisée comme CAPTCHA vérifie-t-elle une des ces conditions ?\n* Il existe une autre forme de CAPTCHA non graphique, au moins\n* Il existe une autre solution d''accès à la fonctionnalité sécurisée par ', '1.5.1', 23, 'http://www.braillenet.org/accessibilite/referentiel-aw21/liste-deploye.php#test-1-5-1', NULL, NULL, NULL, 3),
(24, 'AW21-01052', 'Chaque bouton associé à une image (balise input avec l''attribut type="image") utilisée comme CAPTCHA vérifie-t-il une des ces conditions ?\n* Il existe une autre forme de CAPTCHA non graphique, au moins\n* Il existe une autre solution d''accès à la fonctionn', '1.5.2', 24, 'http://www.braillenet.org/accessibilite/referentiel-aw21/liste-deploye.php#test-1-5-2', NULL, NULL, NULL, 3),
(25, 'AW21-01061', 'Chaque image porteuse d''information (balise img) qui nécessite une description détaillée, vérifie-t-elle une de ces conditions ?\n* Il existe un attribut longdesc qui donne l''adresse (url) d''une page contenant la description détaillée\n* Il existe un attrib', '1.6.1', 25, 'http://www.braillenet.org/accessibilite/referentiel-aw21/liste-deploye.php#test-1-6-1', NULL, NULL, NULL, 3),
(26, 'AW21-01062', 'Chaque image object porteuse d''information (balise object avec l''attribut type="image/..."), qui nécessite une description détaillée, vérifie-t-elle une de ces conditions ?\n* Il existe entre <object> et </object> une référence à une description détaillée ', '1.6.2', 26, 'http://www.braillenet.org/accessibilite/referentiel-aw21/liste-deploye.php#test-1-6-2', NULL, NULL, NULL, 3),
(27, 'AW21-01063', 'Chaque image applet porteuse d''information (balise applet), qui nécessite une description détaillée, vérifie-t-elle une de ces conditions ?\n* Il existe un attribut alt contenant la référence à une description détaillée adjacente à l''image\n* Il existe entr', '1.6.3', 27, 'http://www.braillenet.org/accessibilite/referentiel-aw21/liste-deploye.php#test-1-6-3', NULL, NULL, NULL, 3),
(28, 'AW21-01064', 'Chaque image embarquée porteuse d''information (balise embed), qui nécessite une description détaillée, vérifie-t-elle une de ces conditions ?\n* Il existe entre <noembed> et </noembed> une référence à une description détaillée présente dans la page\n* Il ex', '1.6.4', 28, 'http://www.braillenet.org/accessibilite/referentiel-aw21/liste-deploye.php#test-1-6-4', NULL, NULL, NULL, 3),
(29, 'AW21-01065', 'Chaque bouton de formulaire de type image (balise input avec l''attribut type="image", qui nécessite une description détaillée, vérifie-t-elle une de ces conditions ?\n* Il existe un attribut alt contenant la référence à une description détaillée adjacente ', '1.6.5', 29, 'http://www.braillenet.org/accessibilite/referentiel-aw21/liste-deploye.php#test-1-6-5', NULL, NULL, NULL, 3),
(30, 'AW21-01071', 'Chaque image porteuse d''information (balise img ou input de type image) ayant une description détaillée vérifie-t-elle une de ces conditions ?\n* La description détaillée via l''adresse référencée dans l''attribut longdesc est pertinente\n* La description dét', '1.7.1', 30, 'http://www.braillenet.org/accessibilite/referentiel-aw21/liste-deploye.php#test-1-7-1', NULL, NULL, NULL, 3),
(31, 'AW21-01072', 'Chaque image objet (balise object avec l''attribut type="image/...") ayant une description détaillée vérifie-t-elle une des ces conditions ?\n* La description détaillée présente dans la page et signalée entre <object> et </object>, est pertinente\n* La descr', '1.7.2', 31, 'http://www.braillenet.org/accessibilite/referentiel-aw21/liste-deploye.php#test-1-7-2', NULL, NULL, NULL, 3),
(32, 'AW21-01073', 'Chaque image embarquée (balise embed avec l''attribut type="image/...") ayant une description détaillée vérifie-t-elle une de ces conditions ?\n* La description détaillée présente dans la page et signalée entre <noembed> et </noembed> est pertinente\n* La de', '1.7.3', 32, 'http://www.braillenet.org/accessibilite/referentiel-aw21/liste-deploye.php#test-1-7-3', NULL, NULL, NULL, 3),
(33, 'AW21-01074', 'Chaque image applet (balise applet) ayant une description détaillée vérifie-t-elle l’une de ces conditions ?\n*  La description détaillée présente dans la page et signalée entre <applet> et </applet> est pertinente\n* La description détaillée présente dans ', '1.7.4', 33, 'http://www.braillenet.org/accessibilite/referentiel-aw21/liste-deploye.php#test-1-7-4', NULL, NULL, NULL, 3),
(34, 'AW21-01081', 'Chaque image texte (balise img), en l''absence d''un mécanisme de remplacement, doit si possible être remplacée par du texte stylé. Cette règle est-elle respectée ?', '1.8.1', 34, 'http://www.braillenet.org/accessibilite/referentiel-aw21/liste-deploye.php#test-1-8-1', NULL, NULL, NULL, 3),
(35, 'AW21-01082', 'Pour chaque image réactive (balise img ou object avec l''attribut usemap), chaque zone texte (balise area), en l''absence d''un mécanisme de remplacement, doit si possible être remplacée par du texte stylé. Cette règle est-elle respectée ?', '1.8.2', 35, 'http://www.braillenet.org/accessibilite/referentiel-aw21/liste-deploye.php#test-1-8-2', NULL, NULL, NULL, 3),
(36, 'AW21-01083', 'Pour chaque balise form, chacun de ses boutons "image texte" (balise input avec l''attribut type="image"), en l''absence d''un mécanisme de remplacement, doit si possible être remplacée par du texte stylé. Cette règle est-elle respectée ?', '1.8.3', 36, 'http://www.braillenet.org/accessibilite/referentiel-aw21/liste-deploye.php#test-1-8-3', NULL, NULL, NULL, 3),
(37, 'AW21-01084', 'Chaque image texte applet (balise applet), en l''absence d''un mécanisme de remplacement, doit si possible être remplacée par du texte stylé. Cette règle est-elle respectée ?', '1.8.4', 37, 'http://www.braillenet.org/accessibilite/referentiel-aw21/liste-deploye.php#test-1-8-4', NULL, NULL, NULL, 3),
(38, 'AW21-01085', 'Chaque image texte objet (balise object avec l''attribut type="image/..."), en l''absence d''un mécanisme de remplacement, doit si possible être remplacée par du texte stylé. Cette règle est-elle respectée ?', '1.8.5', 38, 'http://www.braillenet.org/accessibilite/referentiel-aw21/liste-deploye.php#test-1-8-5', NULL, NULL, NULL, 3),
(39, 'AW21-01086', 'Chaque image texte embarquée (balise embed avec l''attribut type="image/..."), en l''absence d''un mécanisme de remplacement, doit si possible être remplacée par du texte stylé. Cette règle est-elle respectée ?', '1.8.6', 39, 'http://www.braillenet.org/accessibilite/referentiel-aw21/liste-deploye.php#test-1-8-6', NULL, NULL, NULL, 3),
(40, 'AW21-01091', 'Chaque image texte (balise img) doit si possible être remplacée par du texte stylé. Cette règle est-elle respectée ?', '1.9.1', 40, 'http://www.braillenet.org/accessibilite/referentiel-aw21/liste-deploye.php#test-1-9-1', NULL, NULL, NULL, 3),
(41, 'AW21-01092', 'Pour chaque image réactive (balise img ou object avec l''attribut usemap), chaque zone texte (balise area) doit si possible être remplacée par du texte stylé. Cette règle est-elle respectée ?', '1.9.2', 41, 'http://www.braillenet.org/accessibilite/referentiel-aw21/liste-deploye.php#test-1-9-2', NULL, NULL, NULL, 3),
(42, 'AW21-01093', 'Pour chaque balise form, chacun de ses boutons "image texte" (balise input avec l''attribut type="image") doit si possible être remplacé par du texte stylé. Cette règle est-elle respectée ?', '1.9.3', 42, 'http://www.braillenet.org/accessibilite/referentiel-aw21/liste-deploye.php#test-1-9-3', NULL, NULL, NULL, 3),
(43, 'AW21-01094', 'Chaque image texte applet (balise applet) doit si possible être remplacée par du texte stylé. Cette règle est-elle respectée ?', '1.9.4', 43, 'http://www.braillenet.org/accessibilite/referentiel-aw21/liste-deploye.php#test-1-9-4', NULL, NULL, NULL, 3),
(44, 'AW21-01095', 'Chaque image texte objet (balise object avec l''attribut type="image/...") doit si possible être remplacée par du texte stylé. Cette règle est-elle respectée ?', '1.9.5', 44, 'http://www.braillenet.org/accessibilite/referentiel-aw21/liste-deploye.php#test-1-9-5', NULL, NULL, NULL, 3),
(45, 'AW21-01096', 'Chaque image texte embarquée (balise embed avec l''attribut type="image/...") doit si possible être remplacée par du texte stylé. Cette règle est-elle respectée ?', '1.9.6', 45, 'http://www.braillenet.org/accessibilite/referentiel-aw21/liste-deploye.php#test-1-9-6', NULL, NULL, NULL, 3),
(46, 'AW21-02011', 'Chaque cadre (balise frame) a-t-il un attribut title ?', '2.1.1', 46, 'http://www.braillenet.org/accessibilite/referentiel-aw21/liste-deploye.php#test-2-1-1', NULL, NULL, NULL, 3),
(47, 'AW21-02012', 'Chaque cadre en ligne (balise iframe) a-t-il un attribut title ?', '2.1.2', 47, 'http://www.braillenet.org/accessibilite/referentiel-aw21/liste-deploye.php#test-2-1-2', NULL, NULL, NULL, 3),
(48, 'AW21-02021', 'Pour chaque cadre (balise frame) ayant un attribut title, le contenu de cet attribut est-il pertinent ?', '2.2.1', 48, 'http://www.braillenet.org/accessibilite/referentiel-aw21/liste-deploye.php#test-2-2-1', NULL, NULL, NULL, 3),
(49, 'AW21-02022', 'Pour chaque cadre en ligne (balise iframe) ayant un attribut title, le contenu de cet attribut est-il pertinent ?', '2.2.2', 49, 'http://www.braillenet.org/accessibilite/referentiel-aw21/liste-deploye.php#test-2-2-2', NULL, NULL, NULL, 3),
(50, 'AW21-03011', 'Pour chaque mot ou ensemble de mots dont la mise en couleur est porteuse d''information, l''information ne doit pas être donnée uniquement par la couleur. Cette règle est-elle respectée ?', '3.1.1', 50, 'http://www.braillenet.org/accessibilite/referentiel-aw21/liste-deploye.php#test-3-1-1', NULL, NULL, NULL, 3),
(51, 'AW21-03012', 'Pour chaque indication de couleur donnée par un texte, l''information ne doit pas être donnée uniquement par la couleur. Cette règle est-elle respectée ?', '3.1.2', 51, 'http://www.braillenet.org/accessibilite/referentiel-aw21/liste-deploye.php#test-3-1-2', NULL, NULL, NULL, 3),
(52, 'AW21-03013', 'Pour chaque image présente dans le code source véhiculant une information, l''information ne doit pas être donnée uniquement par la couleur. Cette règle est-elle respectée ?', '3.1.3', 52, 'http://www.braillenet.org/accessibilite/referentiel-aw21/liste-deploye.php#test-3-1-3', NULL, NULL, NULL, 3),
(53, 'AW21-03014', 'Pour chaque propriété CSS déterminant une couleur et véhiculant une information, l''information ne doit pas être donnée par la couleur uniquement. Cette règle est-elle respectée ?', '3.1.4', 53, 'http://www.braillenet.org/accessibilite/referentiel-aw21/liste-deploye.php#test-3-1-4', NULL, NULL, NULL, 3),
(54, 'AW21-03015', 'Pour chaque média temporel véhiculant une information, l''information ne doit pas être donnée uniquement par la couleur. Cette règle est-elle respectée ?', '3.1.5', 54, 'http://www.braillenet.org/accessibilite/referentiel-aw21/liste-deploye.php#test-3-1-5', NULL, NULL, NULL, 3),
(55, 'AW21-03016', 'Pour chaque média non temporel véhiculant une information, l''information ne doit pas être donnée uniquement par la couleur. Cette règle est-elle respectée ?', '3.1.6', 55, 'http://www.braillenet.org/accessibilite/referentiel-aw21/liste-deploye.php#test-3-1-6', NULL, NULL, NULL, 3),
(56, 'AW21-03021', 'Pour chaque information véhiculée par la couleur d''un mot ou ensemble de mots, l''information ne doit pas être donnée uniquement par la couleur. Cette règle est-elle implémentée de façon pertinente ?', '3.2.1', 56, 'http://www.braillenet.org/accessibilite/referentiel-aw21/liste-deploye.php#test-3-2-1', NULL, NULL, NULL, 3),
(57, 'AW21-03022', 'Pour chaque information véhiculée par la couleur et indiquée par un mot ou un ensemble de mots, l''information ne doit pas être donnée uniquement par la couleur. Cette règle est-elle implémentée de façon pertinente ?', '3.2.2', 57, 'http://www.braillenet.org/accessibilite/referentiel-aw21/liste-deploye.php#test-3-2-2', NULL, NULL, NULL, 3),
(58, 'AW21-03023', 'Pour chaque image véhiculant une information, l''information ne doit pas être donnée uniquement par la couleur. Cette règle est-elle implémentée de façon pertinente ?', '3.2.3', 58, 'http://www.braillenet.org/accessibilite/referentiel-aw21/liste-deploye.php#test-3-2-3', NULL, NULL, NULL, 3),
(59, 'AW21-03024', 'Pour chaque propriété de fond d’élément CSS véhiculant une information, l''information ne doit pas être donnée uniquement par la couleur. Cette règle est-elle implémentée de façon pertinente ?', '3.2.4', 59, 'http://www.braillenet.org/accessibilite/referentiel-aw21/liste-deploye.php#test-3-2-4', NULL, NULL, NULL, 3),
(60, 'AW21-03025', 'Pour chaque média temporel véhiculant une information, l''information ne doit pas être donnée uniquement par la couleur. Cette règle est-elle implémentée de façon pertinente ?', '3.2.5', 60, 'http://www.braillenet.org/accessibilite/referentiel-aw21/liste-deploye.php#test-3-2-5', NULL, NULL, NULL, 3),
(61, 'AW21-03026', 'Pour chaque média non temporel véhiculant une information, l''information ne doit pas être donnée uniquement par la couleur. Cette règle est-elle implémentée de façon pertinente ?', '3.2.6', 61, 'http://www.braillenet.org/accessibilite/referentiel-aw21/liste-deploye.php#test-3-2-6', NULL, NULL, NULL, 3),
(62, 'AW21-03031', 'Dans chaque page Web, jusqu''à 150% de la taille de police par défaut (ou 1.5em), le texte et le texte en image sans effet de graisse vérifie-t-il une de ces conditions (hors cas particuliers) ?\n* le rapport de contraste entre le texte et son arrière-plan ', '3.3.1', 62, 'http://www.braillenet.org/accessibilite/referentiel-aw21/liste-deploye.php#test-3-3-1', NULL, NULL, NULL, 3),
(63, 'AW21-03032', 'Dans chaque page Web, jusqu''à 120% de la taille de police par défaut (ou 1.2em), le texte et le texte en image en gras vérifie-t-il une de ces conditions (hors cas particuliers) ?\n* le rapport de contraste entre le texte et son arrière-plan est de 4,5:1, ', '3.3.2', 63, 'http://www.braillenet.org/accessibilite/referentiel-aw21/liste-deploye.php#test-3-3-2', NULL, NULL, NULL, 3),
(64, 'AW21-03033', 'Dans chaque page Web, à partir de 150% de la taille de police par défaut (ou 1.5em), le texte et le texte en image sans effet de graisse vérifie-t-il une de ces conditions (hors cas particuliers) ?\n* le rapport de contraste entre le texte et son arrière p', '3.3.3', 64, 'http://www.braillenet.org/accessibilite/referentiel-aw21/liste-deploye.php#test-3-3-3', NULL, NULL, NULL, 3),
(65, 'AW21-03034', 'Dans chaque page Web, à partir de 120% de la taille de police par défaut (ou 1.2em), le texte et le texte en image en gras vérifie-t-il une de ces conditions (hors cas particuliers) ?\n* le rapport de contraste entre le texte et son arrière plan est de 3:1', '3.3.4', 65, 'http://www.braillenet.org/accessibilite/referentiel-aw21/liste-deploye.php#test-3-3-4', NULL, NULL, NULL, 3),
(66, 'AW21-03041', 'Dans chaque page Web, jusqu''à 150% de la taille de police par défaut (ou 1.5em), le texte et le texte en image sans effet de graisse vérifie-t-il une de ces conditions (hors cas particuliers) ?\n* le rapport de contraste entre le texte et son arrière-plan ', '3.4.1', 66, 'http://www.braillenet.org/accessibilite/referentiel-aw21/liste-deploye.php#test-3-4-1', NULL, NULL, NULL, 3),
(67, 'AW21-03042', 'Dans chaque page Web, jusqu''à 120% de la taille de police par défaut (ou 1.2em), le texte et le texte en image en gras vérifie-t-il une de ces conditions (hors cas particuliers) ?\n* le rapport de contraste entre le texte et son arrière-plan est de 7:1, au', '3.4.2', 67, 'http://www.braillenet.org/accessibilite/referentiel-aw21/liste-deploye.php#test-3-4-2', NULL, NULL, NULL, 3),
(68, 'AW21-03043', 'Dans chaque page Web, à partir de 150% de la taille de police par défaut (ou 1.5em), le texte et le texte en image sans effet de graisse vérifie-t-il une de ces conditions (hors cas particuliers) ?\n* le rapport de contraste entre le texte et son arrière p', '3.4.3', 68, 'http://www.braillenet.org/accessibilite/referentiel-aw21/liste-deploye.php#test-3-4-3', NULL, NULL, NULL, 3),
(69, 'AW21-03044', 'Dans chaque page Web, à partir de 120% de la taille de police par défaut (ou 1.2em), le texte et le texte en image en gras vérifie-t-il une de ces conditions (hors cas particuliers) ?\n* le rapport de contraste entre le texte et son arrière plan est de 4,5', '3.4.4', 69, 'http://www.braillenet.org/accessibilite/referentiel-aw21/liste-deploye.php#test-3-4-4', NULL, NULL, NULL, 3),
(70, 'AW21-04011', 'Chaque média temporel, pré-enregistré audio seulement, vérifie-t-i, si nécessaire, l''une de ces conditions (hors cas particuliers) ?\n*  Il existe une transcription textuelle accessible via un lien adjacent (une url ou une ancre)\n* Il existe une transcript', '4.1.1', 70, 'http://www.braillenet.org/accessibilite/referentiel-aw21/liste-deploye.php#test-4-1-1', NULL, NULL, NULL, 3),
(71, 'AW21-04012', 'Chaque média temporel, pré-enregistré vidéo seulement, vérifie-t-il, si nécessaire, l’une de ces conditions (hors cas particuliers) ?\n*  Il existe une transcription textuelle accessible via un lien adjacent (une url ou une ancre)\n* Il existe une transcrip', '4.1.2', 71, 'http://www.braillenet.org/accessibilite/referentiel-aw21/liste-deploye.php#test-4-1-2', NULL, NULL, NULL, 3),
(72, 'AW21-04013', 'Chaque média temporel synchronisé pré-enregistré vérifie-t-il, si nécessaire, l’une de ces conditions (hors cas particuliers) ?\n*  Il existe une transcription textuelle accessible via un lien adjacent (une url ou une ancre)\n* Il existe une transcription t', '4.1.3', 72, 'http://www.braillenet.org/accessibilite/referentiel-aw21/liste-deploye.php#test-4-1-3', NULL, NULL, NULL, 3),
(73, 'AW21-04014', 'Chaque media temporel pré-enregistré, inséré via <object> ou <embed> et qui nécessite une transcription textuelle vérifie-t-il une de ces conditions (hors cas particuliers) ?\n*  Il existe une référence via un lien ou une ancre à la transcription textuelle', '4.1.4', 73, 'http://www.braillenet.org/accessibilite/referentiel-aw21/liste-deploye.php#test-4-1-4', NULL, NULL, NULL, 3),
(74, 'AW21-04021', 'Pour chaque média temporel pré-enregistré seulement audio, ayant une transcription textuelle, celle-ci est-elle pertinente (hors cas particuliers) ?', '4.2.1', 74, 'http://www.braillenet.org/accessibilite/referentiel-aw21/liste-deploye.php#test-4-2-1', NULL, NULL, NULL, 3),
(75, 'AW21-04022', 'Chaque média temporel pré-enregistré seulement vidéo vérifie-t-il une de ces conditions (hors cas particuliers) ?\n* La transcription textuelle est pertinente\n* L''audio-description synchronisée est pertinente\n* L''audio-description synchronisée de la versio', '4.2.2', 75, 'http://www.braillenet.org/accessibilite/referentiel-aw21/liste-deploye.php#test-4-2-2', NULL, NULL, NULL, 3),
(76, 'AW21-04023', 'Chaque média temporel synchronisé pré-enregistré vérifie-t-il une de ces conditions (hors cas particuliers) ?\n* La transcription textuelle est pertinente\n* L''audio-description synchronisée est pertinente\n* L''audio-description synchronisée de la version al', '4.2.3', 76, 'http://www.braillenet.org/accessibilite/referentiel-aw21/liste-deploye.php#test-4-2-3', NULL, NULL, NULL, 3),
(77, 'AW21-04031', 'Chaque média temporel synchronisé pré-enregistré vérifie-t-il l''une de ces conditions (hors cas particuliers) ?\n*  Le média temporel synchronisé possède des sous-titres synchronisés\n* Il existe une version alternative possédant des sous-titres synchronisé', '4.3.1', 77, 'http://www.braillenet.org/accessibilite/referentiel-aw21/liste-deploye.php#test-4-3-1', NULL, NULL, NULL, 3),
(78, 'AW21-04041', 'Pour chaque média temporel synchronisé pré-enregistré ayant des sous-titres synchronisés, ces sous-titres sont-ils pertinents ?', '4.4.1', 78, 'http://www.braillenet.org/accessibilite/referentiel-aw21/liste-deploye.php#test-4-4-1', NULL, NULL, NULL, 3),
(79, 'AW21-04051', 'Chaque média temporel, audio en direct seulement, vérifie-t-il l’une de ces conditions (hors cas particuliers) ?\n*  Il existe des sous-titres synchronisés\n* Il existe une version ayant des sous-titres synchronisés accessible via un lien adjacent (une url ', '4.5.1', 79, 'http://www.braillenet.org/accessibilite/referentiel-aw21/liste-deploye.php#test-4-5-1', NULL, NULL, NULL, 3),
(80, 'AW21-04052', 'Chaque média temporel synchronisé en direct vérifie-t-il l’une de ces conditions (hors cas particuliers) ?\n*  Il existe des sous-titres synchronisés\n* Il existe une version ayant des sous-titres synchronisés accessible via un lien adjacent (une url ou une', '4.5.2', 80, 'http://www.braillenet.org/accessibilite/referentiel-aw21/liste-deploye.php#test-4-5-2', NULL, NULL, NULL, 3),
(81, 'AW21-04053', 'Chaque media temporel synchronisé ou seulement audio, inséré via <object> ou <embed> et qui nécessite une transcription textuelle vérifie-t-il une de ces conditions (hors cas particuliers) ?\n*  Il existe une référence via un lien ou une ancre à la transcr', '4.5.3', 81, 'http://www.braillenet.org/accessibilite/referentiel-aw21/liste-deploye.php#test-4-5-3', NULL, NULL, NULL, 3),
(82, 'AW21-04061', 'Chaque média temporel seulement audio en direct vérifie-t-il une de ces conditions ?\n* Les sous-titres synchronisés sont pertinents\n* Les sous-titres synchronisés de la version alternative sont pertinents\n* La transcription textuelle est pertinente', '4.6.1', 82, 'http://www.braillenet.org/accessibilite/referentiel-aw21/liste-deploye.php#test-4-6-1', NULL, NULL, NULL, 3),
(83, 'AW21-04062', 'Chaque média temporel synchronisé en direct vérifie-t-il une de ces conditions ?\n* Les sous-titres synchronisés sont pertinents\n* Les sous-titres synchronisés de la version alternative sont pertinents\n* La transcription textuelle est pertinente', '4.6.2', 83, 'http://www.braillenet.org/accessibilite/referentiel-aw21/liste-deploye.php#test-4-6-2', NULL, NULL, NULL, 3),
(84, 'AW21-04071', 'Chaque média temporel synchronisé pré-enregistré vérifie-t-il une de ces conditions ?\n* Il existe une piste pour l''audio-description synchronisée\n* Il existe une version alternative avec une audio-description synchronisée', '4.7.1', 84, 'http://www.braillenet.org/accessibilite/referentiel-aw21/liste-deploye.php#test-4-7-1', NULL, NULL, NULL, 3),
(85, 'AW21-04081', 'Pour chaque média temporel pré-enregistré seulement vidéo ayant une audio-description synchronisée, celle-ci est-elle pertinente ?', '4.8.1', 85, 'http://www.braillenet.org/accessibilite/referentiel-aw21/liste-deploye.php#test-4-8-1', NULL, NULL, NULL, 3),
(86, 'AW21-04082', 'Pour chaque média temporel synchronisé ayant une audio-description synchronisée, celle-ci est-elle pertinente ?', '4.8.2', 86, 'http://www.braillenet.org/accessibilite/referentiel-aw21/liste-deploye.php#test-4-8-2', NULL, NULL, NULL, 3),
(87, 'AW21-04091', 'Chaque média temporel pré-enregistré seulement audio a-t-il, si nécessaire, une interprétation en langue des signes adaptée à la langue du média (hors cas particuliers) ?', '4.9.1', 87, 'http://www.braillenet.org/accessibilite/referentiel-aw21/liste-deploye.php#test-4-9-1', NULL, NULL, NULL, 3),
(88, 'AW21-04092', 'Chaque média temporel synchronisé pré-enregistré a-t-il, si nécessaire, une interprétation en langue des signes adaptée à la langue du média (hors cas particuliers) ?', '4.9.2', 88, 'http://www.braillenet.org/accessibilite/referentiel-aw21/liste-deploye.php#test-4-9-2', NULL, NULL, NULL, 3),
(89, 'AW21-04101', 'Pour chaque média temporel synchronisé pré-enregistré ayant une interprétation en langue des signes, celle-ci est-elle pertinente ?', '4.10.1', 89, 'http://www.braillenet.org/accessibilite/referentiel-aw21/liste-deploye.php#test-4-10-1', NULL, NULL, NULL, 3),
(90, 'AW21-04102', 'Pour chaque média temporel pré-enregistré seulement audio ayant une interprétation en langue des signes, celle-ci est-elle pertinente ?', '4.10.2', 90, 'http://www.braillenet.org/accessibilite/referentiel-aw21/liste-deploye.php#test-4-10-2', NULL, NULL, NULL, 3),
(91, 'AW21-04111', 'Chaque média temporel synchronisé pré-enregistré vérifie-t-il, si nécessaire, une de ces conditions ? (hors cas particuliers)\n* Il existe une audio-description étendue étendue synchronisée\n* Il existe une version alternative avec une audio-description éte', '4.11.1', 91, 'http://www.braillenet.org/accessibilite/referentiel-aw21/liste-deploye.php#test-4-11-1', NULL, NULL, NULL, 3),
(92, 'AW21-04112', 'Chaque média temporel pré-enregistré seulement vidéo vérifie-t-il, si nécessaire, une de ces conditions ? (hors cas particuliers)\n* Il existe une audio-description étendue synchronisée\n* Il existe une version alternative avec une audio-description étendue', '4.11.2', 92, 'http://www.braillenet.org/accessibilite/referentiel-aw21/liste-deploye.php#test-4-11-2', NULL, NULL, NULL, 3),
(93, 'AW21-04121', 'Pour chaque média temporel synchronisé pré-enregistré ayant une audio-description étendue synchronisée, celle-ci est-elle pertinente ?', '4.12.1', 93, 'http://www.braillenet.org/accessibilite/referentiel-aw21/liste-deploye.php#test-4-12-1', NULL, NULL, NULL, 3),
(94, 'AW21-04122', 'Pour chaque média temporel pré-enregistré seulement vidéo ayant une audio-description étendue synchronisée, celle-ci est-elle pertinente ?', '4.12.2', 94, 'http://www.braillenet.org/accessibilite/referentiel-aw21/liste-deploye.php#test-4-12-2', NULL, NULL, NULL, 3),
(95, 'AW21-04131', 'Chaque média temporel synchronisé vérifie-t-il si nécessaire une de ces conditions ?\n*  Il existe une transcription textuelle accessible via un lien adjacent (une url ou une ancre)\n* Il existe une transcription textuelle adjacente clairement identifiable', '4.13.1', 95, 'http://www.braillenet.org/accessibilite/referentiel-aw21/liste-deploye.php#test-4-13-1', NULL, NULL, NULL, 3),
(96, 'AW21-04132', 'Chaque média temporel seulement vidéo vérifie-t-il si nécessaire une de ces conditions ?\n*  Il existe une transcription textuelle accessible via un lien adjacent (une url ou une ancre)\n* Il existe une transcription textuelle adjacente clairement identifia', '4.13.2', 96, 'http://www.braillenet.org/accessibilite/referentiel-aw21/liste-deploye.php#test-4-13-2', NULL, NULL, NULL, 3),
(97, 'AW21-04133', 'Chaque media temporel synchronisé ou seulement vidéo, inséré via <object> ou <embed> et qui nécessite une transcription textuelle vérifie-t-il une de ces conditions (hors cas particuliers) ?\n*  Il existe une référence via un lien ou une ancre à la transcr', '4.13.3', 97, 'http://www.braillenet.org/accessibilite/referentiel-aw21/liste-deploye.php#test-4-13-3', NULL, NULL, NULL, 3),
(98, 'AW21-04141', 'Pour chaque média temporel seulement vidéo ayant une transcription textuelle, celle-ci est-elle pertinente ?', '4.14.1', 98, 'http://www.braillenet.org/accessibilite/referentiel-aw21/liste-deploye.php#test-4-14-1', NULL, NULL, NULL, 3),
(99, 'AW21-04142', 'Chaque média temporel synchronisé ayant une transcription textuelle, celle-ci est-elle pertinente ?', '4.14.2', 99, 'http://www.braillenet.org/accessibilite/referentiel-aw21/liste-deploye.php#test-4-14-2', NULL, NULL, NULL, 3),
(100, 'AW21-04151', 'Chaque média temporel seulement son, seulement vidéo ou synchronisé, vérifie-t-il une de ces conditions (hors cas particuliers) ?\n* Le contenu alternatif de la balise object contient une description synthétique du contenu\n* Le contenu de l''élément noembed', '4.15.1', 100, 'http://www.braillenet.org/accessibilite/referentiel-aw21/liste-deploye.php#test-4-15-1', NULL, NULL, NULL, 3),
(101, 'AW21-04152', 'Chaque média temporel seulement son en direct, seulement vidéo en direct ou synchronisé en direct, vérifie-t-il une de ces conditions (hors cas particuliers) ?\n* Le contenu alternatif de la balise object contient une description synthétique du contenu\n* L', '4.15.2', 101, 'http://www.braillenet.org/accessibilite/referentiel-aw21/liste-deploye.php#test-4-15-2', NULL, NULL, NULL, 3),
(102, 'AW21-04161', 'Chaque média non temporel vérifie-t-il une de ces conditions (hors cas particuliers) ?\n* La balise object contient une alternative\n* La balise applet contient une alternative\n* La balise noembed contient une alternative\n* Un lien adjacent, clairement iden', '4.16.1', 102, 'http://www.braillenet.org/accessibilite/referentiel-aw21/liste-deploye.php#test-4-16-1', NULL, NULL, NULL, 3),
(103, 'AW21-04162', 'Chaque média média non temporel associé à une alternative vérifie-t-il une de ces conditions (hors cas particuliers) ?\n* La page référencée par le lien adjacent est accessible\n* L''alternative dans la page, référencée par le lien adjacent, est accessible.', '4.16.2', 103, 'http://www.braillenet.org/accessibilite/referentiel-aw21/liste-deploye.php#test-4-16-2', NULL, NULL, NULL, 3),
(104, 'AW21-04171', 'Chaque média non temporel ayant une alternative vérifie-t-il une des ces conditions ?\n* Le contenu de la balise object permet d''accéder au même contenu et à des fonctionnalités similaires\n* Le contenu de la balise applet permet d''accéder au même contenu e', '4.17.1', 104, 'http://www.braillenet.org/accessibilite/referentiel-aw21/liste-deploye.php#test-4-17-1', NULL, NULL, NULL, 3),
(105, 'AW21-04181', 'Chaque séquence sonore déclenchée automatiquement via une balise object, applet, embed, un code javascript ou une propriété bgsound vérifie-t-il une de ces conditions ?\n* La séquence sonore a une durée inférieure ou égale à 3 secondes\n* La séquence sonore', '4.18.1', 105, 'http://www.braillenet.org/accessibilite/referentiel-aw21/liste-deploye.php#test-4-18-1', NULL, NULL, NULL, 3),
(106, 'AW21-04191', 'Chaque média temporel audio pré-enregistré et diffusé via une balise Object, Applet, Embed ou proposé en téléchargement vérifie-t-il une de ces conditions ?\n* L''arrière-plan sonore peut-être désactivé\n* La ou les pistes de dialogue sont 20 décibels plus é', '4.19.1', 106, 'http://www.braillenet.org/accessibilite/referentiel-aw21/liste-deploye.php#test-4-19-1', NULL, NULL, NULL, 3),
(107, 'AW21-04201', 'Chaque média temporel a-t-il, si nécessaire, les fonctionnalités de contrôle de sa consultation ?', '4.20.1', 107, 'http://www.braillenet.org/accessibilite/referentiel-aw21/liste-deploye.php#test-4-20-1', NULL, NULL, NULL, 3),
(108, 'AW21-04202', 'Pour chaque média temporel, chaque fonctionnalité est-elle accessible par le clavier et la souris ?', '4.20.2', 108, 'http://www.braillenet.org/accessibilite/referentiel-aw21/liste-deploye.php#test-4-20-2', NULL, NULL, NULL, 3),
(109, 'AW21-04203', 'Pour chaque média temporel, chaque fonctionnalité est-elle activable par le clavier et la souris ?', '4.20.3', 109, 'http://www.braillenet.org/accessibilite/referentiel-aw21/liste-deploye.php#test-4-20-3', NULL, NULL, NULL, 3),
(110, 'AW21-04211', 'Pour chaque média non temporel, chaque fonctionnalité est-elle accessible par le clavier et la souris ?', '4.21.1', 110, 'http://www.braillenet.org/accessibilite/referentiel-aw21/liste-deploye.php#test-4-21-1', NULL, NULL, NULL, 3),
(111, 'AW21-04212', 'Pour chaque média non temporel, chaque fonctionnalité est-elle activable par le clavier et la souris ?', '4.21.2', 111, 'http://www.braillenet.org/accessibilite/referentiel-aw21/liste-deploye.php#test-4-21-2', NULL, NULL, NULL, 3),
(112, 'AW21-04221', 'Chaque média temporel et non temporel inséré via une balise Object, Applet ou Embed vérifie-t-il une de ces conditions ?\n* Le nom, le rôle, la valeur, le paramétrage et les changements d''états des composants d''interfaces sont accessibles aux aides techniq', '4.22.1', 112, 'http://www.braillenet.org/accessibilite/referentiel-aw21/liste-deploye.php#test-4-22-1', NULL, NULL, NULL, 3),
(113, 'AW21-05011', 'Chaque tableau de données (balise table) a-t-il un attribut summary ?', '5.1.1', 113, 'http://www.braillenet.org/accessibilite/referentiel-aw21/liste-deploye.php#test-5-1-1', NULL, NULL, NULL, 3),
(114, 'AW21-05021', 'Pour chaque tableau de données (balise table) ayant un attribut summary, le contenu de cet attribut est-il pertinent ?', '5.2.1', 114, 'http://www.braillenet.org/accessibilite/referentiel-aw21/liste-deploye.php#test-5-2-1', NULL, NULL, NULL, 3),
(115, 'AW21-05022', 'Pour chaque tableau de mise en forme (balise table) ayant un attribut summary, le contenu de cet attribut est-il vide (summary="") ?', '5.2.2', 115, 'http://www.braillenet.org/accessibilite/referentiel-aw21/liste-deploye.php#test-5-2-2', NULL, NULL, NULL, 3),
(116, 'AW21-05031', 'Pour chaque tableau de mise en forme, le contenu linéarisé reste-t-il compréhensible ?', '5.3.1', 116, 'http://www.braillenet.org/accessibilite/referentiel-aw21/liste-deploye.php#test-5-3-1', NULL, NULL, NULL, 3),
(117, 'AW21-05041', 'Chaque tableau de données (balise table) a-t-il une balise caption ?', '5.4.1', 117, 'http://www.braillenet.org/accessibilite/referentiel-aw21/liste-deploye.php#test-5-4-1', NULL, NULL, NULL, 3),
(118, 'AW21-05051', 'Pour chaque tableau de données (balise table) ayant une balise caption, le contenu de cette balise donne-t-il le titre du tableau ?', '5.5.1', 118, 'http://www.braillenet.org/accessibilite/referentiel-aw21/liste-deploye.php#test-5-5-1', NULL, NULL, NULL, 3),
(119, 'AW21-05061', 'Pour chaque tableau de données (balise table), chaque en-tête de colonnes a-t-il une balise th ?', '5.6.1', 119, 'http://www.braillenet.org/accessibilite/referentiel-aw21/liste-deploye.php#test-5-6-1', NULL, NULL, NULL, 3),
(120, 'AW21-05062', 'Pour chaque tableau de données (balise table), chaque en-tête de lignes a-t-il une balise th ?', '5.6.2', 120, 'http://www.braillenet.org/accessibilite/referentiel-aw21/liste-deploye.php#test-5-6-2', NULL, NULL, NULL, 3),
(121, 'AW21-05071', 'Chaque en-tête (balise th) s''appliquant à la totalité de la ligne ou de la colonne possède-t-elle un attribut id unique ou un attribut scope ?', '5.7.1', 121, 'http://www.braillenet.org/accessibilite/referentiel-aw21/liste-deploye.php#test-5-7-1', NULL, NULL, NULL, 3),
(122, 'AW21-05072', 'Chaque en-tête (balise th) s''appliquant à la totalité de la ligne ou de la colonne et possédant un attribut scope vérifie-t-elle une de ces conditions ?\n* L''en-tête possède un attribut scope avec la valeur "row" pour les en-têtes de ligne\n* L''en-tête poss', '5.7.2', 122, 'http://www.braillenet.org/accessibilite/referentiel-aw21/liste-deploye.php#test-5-7-2', NULL, NULL, NULL, 3),
(123, 'AW21-05073', 'Chaque en-tête (balise th) ne s''appliquant pas à la totalité de la ligne ou de la colonne vérifie-t-il ces conditions ?\n* L''en-tête ne possède pas d''attribut scope\n* L''en-tête possède un attribut id unique', '5.7.3', 123, 'http://www.braillenet.org/accessibilite/referentiel-aw21/liste-deploye.php#test-5-7-3', NULL, NULL, NULL, 3),
(124, 'AW21-05074', 'Chaque cellule (balise td ou th) associée à un ou plusieurs en-têtes possédant un attribut id vérifie-t-elle ces conditions ?\n* La cellule possède un attribut headers\n* L''attribut headers possède la liste des valeurs des en-têtes associés à la cellule.', '5.7.4', 124, 'http://www.braillenet.org/accessibilite/referentiel-aw21/liste-deploye.php#test-5-7-4', NULL, NULL, NULL, 3),
(125, 'AW21-05081', 'Chaque tableau de mise en forme (balise table) vérifie-t-il ces conditions ?\n* Le tableau de mise en forme (balise table) ne possède pas de balises caption, th, thead, tfoot\n* Les cellules du tableau de mise en forme (balise td) ne possèdent pas d''attribu', '5.8.1', 125, 'http://www.braillenet.org/accessibilite/referentiel-aw21/liste-deploye.php#test-5-8-1', NULL, NULL, NULL, 3),
(126, 'AW21-06011', 'Pour chaque lien texte, le contexte du lien permet-il d''en comprendre la fonction et la destination si nécessaire (hors cas particuliers) ?', '6.1.1', 126, 'http://www.braillenet.org/accessibilite/referentiel-aw21/liste-deploye.php#test-6-1-1', NULL, NULL, NULL, 3),
(127, 'AW21-06012', 'Pour chaque lien image (contenu de l''attribut alt ou texte entre <object> et </object>) le contexte du lien permet-il d''en comprendre la fonction et la destination (hors cas particuliers) ?', '6.1.2', 127, 'http://www.braillenet.org/accessibilite/referentiel-aw21/liste-deploye.php#test-6-1-2', NULL, NULL, NULL, 3),
(128, 'AW21-06013', 'Pour chaque lien de type zone cliquable (contenu de l''attribut alt d''une balise area) , le contexte du lien permet-il d''en comprendre la fonction et la destination si nécessaire (hors cas particuliers) ?', '6.1.3', 128, 'http://www.braillenet.org/accessibilite/referentiel-aw21/liste-deploye.php#test-6-1-3', NULL, NULL, NULL, 3),
(129, 'AW21-06014', 'Pour chaque lien composite, le contexte du lien permet-il d''en comprendre la fonction et la destination si nécessaire (hors cas particuliers) ?', '6.1.4', 129, 'http://www.braillenet.org/accessibilite/referentiel-aw21/liste-deploye.php#test-6-1-4', NULL, NULL, NULL, 3),
(130, 'AW21-06021', 'Pour chaque lien texte ayant un titre de lien (attribut title), le contenu de cet attribut est-il pertinent ?', '6.2.1', 130, 'http://www.braillenet.org/accessibilite/referentiel-aw21/liste-deploye.php#test-6-2-1', NULL, NULL, NULL, 3),
(131, 'AW21-06022', 'Pour chaque lien image ayant un titre de lien (attribut title), le contenu de cet attribut est-il pertinent ?', '6.2.2', 131, 'http://www.braillenet.org/accessibilite/referentiel-aw21/liste-deploye.php#test-6-2-2', NULL, NULL, NULL, 3),
(132, 'AW21-06023', 'pour chaque zone cliquable (balise area) ayant un titre de lien (attribut title), le contenu de cet attribut est-il pertinent ?', '6.2.3', 132, 'http://www.braillenet.org/accessibilite/referentiel-aw21/liste-deploye.php#test-6-2-3', NULL, NULL, NULL, 3),
(133, 'AW21-06024', 'Pour chaque lien composite ayant un titre de lien (attribut title), le contenu de cet attribut est-il pertinent ?', '6.2.4', 133, 'http://www.braillenet.org/accessibilite/referentiel-aw21/liste-deploye.php#test-6-2-4', NULL, NULL, NULL, 3),
(134, 'AW21-06031', 'Chaque intitulé de lien texte est-il explicite hors contexte (hors cas particulier) ?', '6.3.1', 134, 'http://www.braillenet.org/accessibilite/referentiel-aw21/liste-deploye.php#test-6-3-1', NULL, NULL, NULL, 3),
(135, 'AW21-06032', 'Chaque intitulé de lien image (contenu de l''attribut alt ou contenu entre <object></object>) est-il explicite hors contexte (hors cas particulier) ?', '6.3.2', 135, 'http://www.braillenet.org/accessibilite/referentiel-aw21/liste-deploye.php#test-6-3-2', NULL, NULL, NULL, 3),
(136, 'AW21-06033', 'Chaque intitulé de lien de type zone cliquable (contenu de l''attribut alt d''une balise area) est-il explicite hors contexte (hors cas particulier) ?', '6.3.3', 136, 'http://www.braillenet.org/accessibilite/referentiel-aw21/liste-deploye.php#test-6-3-3', NULL, NULL, NULL, 3),
(137, 'AW21-06034', 'Chaque lien composite (contenu texte et de l''attribut alt) est-il explicite hors contexte (hors cas particuliers)', '6.3.4', 137, 'http://www.braillenet.org/accessibilite/referentiel-aw21/liste-deploye.php#test-6-3-4', NULL, NULL, NULL, 3),
(138, 'AW21-06041', 'Chaque lien identique de type texte a-t-il les mêmes fonction et destination ?', '6.4.1', 138, 'http://www.braillenet.org/accessibilite/referentiel-aw21/liste-deploye.php#test-6-4-1', NULL, NULL, NULL, 3),
(139, 'AW21-06042', 'Chaque lien identique de type image a-t-il les mêmes fonction et destination ?', '6.4.2', 139, 'http://www.braillenet.org/accessibilite/referentiel-aw21/liste-deploye.php#test-6-4-2', NULL, NULL, NULL, 3),
(140, 'AW21-06043', 'Chaque lien identique de type zone cliquable a-t-il les mêmes fonction et destination ?', '6.4.3', 140, 'http://www.braillenet.org/accessibilite/referentiel-aw21/liste-deploye.php#test-6-4-3', NULL, NULL, NULL, 3),
(141, 'AW21-06044', 'Chaque lien identique de type composite a-t-il les mêmes fonction et destination ?', '6.4.4', 141, 'http://www.braillenet.org/accessibilite/referentiel-aw21/liste-deploye.php#test-6-4-4', NULL, NULL, NULL, 3),
(142, 'AW21-06051', 'Chaque image réactive coté serveur (balise img avec l''attribut ismap) vérifie-t-elle une de ces conditions ?\n* La zone cliquable est doublée d''un lien\n* La zone cliquable est doublée d''un formulaire de navigation', '6.5.1', 142, 'http://www.braillenet.org/accessibilite/referentiel-aw21/liste-deploye.php#test-6-5-1', NULL, NULL, NULL, 3),
(143, 'AW21-06052', 'Chaque image réactive coté serveur (balise img avec l''attribut ismap) vérifie-t-elle une de ces conditions ?\n* Le lien doublant la zone cliquable permet d''accéder à la même fonction et à la même destination que la zone cliquable\n* La soumission du formula', '6.5.2', 143, 'http://www.braillenet.org/accessibilite/referentiel-aw21/liste-deploye.php#test-6-5-2', NULL, NULL, NULL, 3),
(144, 'AW21-06053', 'Chaque image réactive coté serveur (balise img avec l''attribut ismap) vérifie-t-elle une de ces conditions ?\n* L''image réactive est immédiatement suivie, dans le code source, de la liste des liens doublant les zones cliquables\n* L''image réactive est imméd', '6.5.3', 144, 'http://www.braillenet.org/accessibilite/referentiel-aw21/liste-deploye.php#test-6-5-3', NULL, NULL, NULL, 3),
(145, 'AW21-06061', 'Dans chaque page Web, chaque lien (balise a), à l''exception des ancres nommées, a-t-il un intitulé entre <a> et </a> ?', '6.6.1', 145, 'http://www.braillenet.org/accessibilite/referentiel-aw21/liste-deploye.php#test-6-6-1', NULL, NULL, NULL, 3),
(146, 'AW21-07011', 'Chaque script vérifie-t-il, si nécessaire, une de ces conditions (hors cas particuliers) ?\n* Une alternative existe entre <noscript> et </noscript>\n* Une alternative existe directement dans la page lorsque javascript est désactivé\n* Un lien permet d''accéd', '7.1.1', 146, 'http://www.braillenet.org/accessibilite/referentiel-aw21/liste-deploye.php#test-7-1-1', NULL, NULL, NULL, 3),
(147, 'AW21-07012', 'Chaque script déclenchant l''ouverture d''une nouvelle fenêtre a-t-il une alternative ?', '7.1.2', 147, 'http://www.braillenet.org/accessibilite/referentiel-aw21/liste-deploye.php#test-7-1-2', NULL, NULL, NULL, 3),
(148, 'AW21-07021', 'Chaque script débutant par la balise script et ayant une alternative vérifie-t-il une de ces conditions ?\n* L''alternative entre <noscript> et </noscript> permet d''accéder à des contenus et des fonctionnalités similaires\n* La page affichée, lorsque javascr', '7.2.1', 148, 'http://www.braillenet.org/accessibilite/referentiel-aw21/liste-deploye.php#test-7-2-1', NULL, NULL, NULL, 3);
INSERT IGNORE INTO `reference_test` (`ID_REFERENCE_TEST`, `CD_REFERENCE_TEST`, `DESCRIPTION`, `LABEL`, `RANK`, `URL`, `ID_REFERENCE_LEVEL`, `ID_REFERENCE`, `ID_REFERENCE_INFO`, `ID_REFERENCE_DEPTH`) VALUES
(149, 'AW21-07022', 'Chaque élément non textuel mis à jour par un script (dans la page, un cadre ou un cadre en ligne) et ayant une alternative vérifie-t-il ces conditions ?\n* L''alternative de l''élément non textuel est mise à jour\n* L''alternative mise à jour est pertinente', '7.2.2', 149, 'http://www.braillenet.org/accessibilite/referentiel-aw21/liste-deploye.php#test-7-2-2', NULL, NULL, NULL, 3),
(150, 'AW21-07031', 'Chaque élément possédant un gestionnaire d''événement contrôlé par un script vérifie-t-il une de ces conditions (hors cas particuliers) ?\n* L''élément est accessible par le clavier et la souris\n* Un élément accessible par le clavier et la souris permettant ', '7.3.1', 150, 'http://www.braillenet.org/accessibilite/referentiel-aw21/liste-deploye.php#test-7-3-1', NULL, NULL, NULL, 3),
(151, 'AW21-07032', 'Chaque élément possédant un gestionnaire d''événement contrôlé par un script vérifie-t-il une de ces conditions (hors cas particuliers) ?\n* L''élément est activable par le clavier et la souris\n* Un élément activable par le clavier et la souris permettant de', '7.3.2', 151, 'http://www.braillenet.org/accessibilite/referentiel-aw21/liste-deploye.php#test-7-3-2', NULL, NULL, NULL, 3),
(152, 'AW21-07033', 'Un script ne doit pas supprimer le focus d''un élément qui le reçoit. Cette règle est-elle respectée (hors cas particuliers) ?', '7.3.3', 152, 'http://www.braillenet.org/accessibilite/referentiel-aw21/liste-deploye.php#test-7-3-3', NULL, NULL, NULL, 3),
(153, 'AW21-07041', 'Chaque script qui génère ou contrôle un composant d''interface vérifie-t-il, si nécessaire, une de ces conditions ?\n* Le nom, le rôle, la valeur, le paramétrage et les changements d''états sont accessibles aux technologies d''assistance via une API d''accessi', '7.4.1', 153, 'http://www.braillenet.org/accessibilite/referentiel-aw21/liste-deploye.php#test-7-4-1', NULL, NULL, NULL, 3),
(154, 'AW21-07042', 'Chaque fonctionnalité d''insertion de contenu contrôlé par un script utilise-t-elle, si possible, des propriétés et méthodes conformes à la spécification DOM (Document Object Model) ?', '7.4.2', 154, 'http://www.braillenet.org/accessibilite/referentiel-aw21/liste-deploye.php#test-7-4-2', NULL, NULL, NULL, 3),
(155, 'AW21-07051', 'Chaque script qui initie un changement de contexte vérifie-t-il une de ces conditions ?\n* L''utilisateur est averti par un texte de l''action du script et du type de changement avant son déclenchement\n* Le changement de contexte est initié par un bouton (in', '7.5.1', 155, 'http://www.braillenet.org/accessibilite/referentiel-aw21/liste-deploye.php#test-7-5-1', NULL, NULL, NULL, 3),
(156, 'AW21-07061', 'Chaque script qui provoque une alerte non sollicitée est-il contrôlable par l''utilisateur (hors cas particuliers) ?', '7.6.1', 156, 'http://www.braillenet.org/accessibilite/referentiel-aw21/liste-deploye.php#test-7-6-1', NULL, NULL, NULL, 3),
(157, 'AW21-08011', 'Pour chaque page Web, le type de document (balise doctype) est-il présent ?', '8.1.1', 157, 'http://www.braillenet.org/accessibilite/referentiel-aw21/liste-deploye.php#test-8-1-1', NULL, NULL, NULL, 3),
(158, 'AW21-08012', 'Pour chaque page Web, le type de document (balise doctype) est-il valide ?', '8.1.2', 158, 'http://www.braillenet.org/accessibilite/referentiel-aw21/liste-deploye.php#test-8-1-2', NULL, NULL, NULL, 3),
(159, 'AW21-08013', 'Pour chaque page Web possédant une déclaration de type de document, celle-ci est-elle située avant la balise HTML dans le code source ?', '8.1.3', 159, 'http://www.braillenet.org/accessibilite/referentiel-aw21/liste-deploye.php#test-8-1-3', NULL, NULL, NULL, 3),
(160, 'AW21-08021', 'Pour chaque déclaration de type de document, le code source de la page vérifie-t-il ces conditions ?\n* Les balises respectent les règles d''écriture\n* L''imbrication des balises est conforme\n* L''ouverture et la fermeture des balises sont conformes\n* Les att', '8.2.1', 160, 'http://www.braillenet.org/accessibilite/referentiel-aw21/liste-deploye.php#test-8-2-1', NULL, NULL, NULL, 3),
(161, 'AW21-08022', 'Pour chaque déclaration de type de document, le code source de la page ne doit pas utilisé d''éléments obsolètes. Cette règle est-elle respectée ?', '8.2.2', 161, 'http://www.braillenet.org/accessibilite/referentiel-aw21/liste-deploye.php#test-8-2-2', NULL, NULL, NULL, 3),
(162, 'AW21-08031', 'Pour chaque page Web, l''indication de langue par défaut vérifie-t-elle une de ces conditions ?\n* L''indication de la langue de la page (attribut lang et/ou xml:lang) est donnée pour l''élément Html\n* L''indication de la langue de la page (attribut lang et/ou', '8.3.1', 162, 'http://www.braillenet.org/accessibilite/referentiel-aw21/liste-deploye.php#test-8-3-1', NULL, NULL, NULL, 3),
(163, 'AW21-08041', 'Pour chaque page Web ayant une langue par défaut, le code de langue vérifie-t-il ces conditions ?\n* Le code de langue est valide\n* Le code de langue est pertinent', '8.4.1', 163, 'http://www.braillenet.org/accessibilite/referentiel-aw21/liste-deploye.php#test-8-4-1', NULL, NULL, NULL, 3),
(164, 'AW21-08051', 'Chaque page Web a-t-elle un titre de page (balise title) ?', '8.5.1', 164, 'http://www.braillenet.org/accessibilite/referentiel-aw21/liste-deploye.php#test-8-5-1', NULL, NULL, NULL, 3),
(165, 'AW21-08061', 'Pour chaque page Web ayant un titre de page (balise title), le contenu de cette balise est-il pertinent ?', '8.6.1', 165, 'http://www.braillenet.org/accessibilite/referentiel-aw21/liste-deploye.php#test-8-6-1', NULL, NULL, NULL, 3),
(166, 'AW21-08071', 'Dans chaque page Web, chaque texte écrit dans une langue différente de la langue par défaut vérifie-t-il une de ces conditions (hors cas particuliers) ?\n* L''indication de langue est donnée sur l''élément contenant le texte\n* L''indication de langue est donn', '8.7.1', 166, 'http://www.braillenet.org/accessibilite/referentiel-aw21/liste-deploye.php#test-8-7-1', NULL, NULL, NULL, 3),
(167, 'AW21-08081', 'Dans chaque page Web, chaque changement de langue (attribut lang et/ou xml:lang) est-t-il valide ?', '8.8.1', 167, 'http://www.braillenet.org/accessibilite/referentiel-aw21/liste-deploye.php#test-8-8-1', NULL, NULL, NULL, 3),
(168, 'AW21-08082', 'Dans chaque page Web, chaque changement de langue (attribut lang et/ou xml:lang) est-t-il pertinent ?', '8.8.2', 168, 'http://www.braillenet.org/accessibilite/referentiel-aw21/liste-deploye.php#test-8-8-2', NULL, NULL, NULL, 3),
(169, 'AW21-08091', 'Dans chaque page Web les balises (à l''exception de div, span et table) ne doivent pas être utilisées uniquement à des fins de présentation. Cette règle est-elle respectée ?', '8.9.1', 169, 'http://www.braillenet.org/accessibilite/referentiel-aw21/liste-deploye.php#test-8-9-1', NULL, NULL, NULL, 3),
(170, 'AW21-08101', 'Dans chaque page Web, chaque texte dont le sens de lecture est différent du sens de lecture par défaut vérifie-t-il ces conditions ?\n* Le texte est contenu dans un élément possédant un attribut dir\n* La valeur de l''attribut dit est conforme (rtl ou ltr)\n*', '8.10.1', 170, 'http://www.braillenet.org/accessibilite/referentiel-aw21/liste-deploye.php#test-8-10-1', NULL, NULL, NULL, 3),
(171, 'AW21-09011', 'Dans chaque page Web, y a-t-il un titre de niveau 1 (balise h1) ?', '9.1.1', 171, 'http://www.braillenet.org/accessibilite/referentiel-aw21/liste-deploye.php#test-9-1-1', NULL, NULL, NULL, 3),
(172, 'AW21-09012', 'Dans chaque page Web, la hiérarchie entre les titres (balises h) est-elle pertinente ?', '9.1.2', 172, 'http://www.braillenet.org/accessibilite/referentiel-aw21/liste-deploye.php#test-9-1-2', NULL, NULL, NULL, 3),
(173, 'AW21-09013', 'Dans chaque page Web, chaque titre (balise h) nécessaire à la structure de l''information est-il présent ?', '9.1.3', 173, 'http://www.braillenet.org/accessibilite/referentiel-aw21/liste-deploye.php#test-9-1-3', NULL, NULL, NULL, 3),
(174, 'AW21-09014', 'Dans chaque page Web, chaque titre (balise h) est-il pertinent ?', '9.1.4', 174, 'http://www.braillenet.org/accessibilite/referentiel-aw21/liste-deploye.php#test-9-1-4', NULL, NULL, NULL, 3),
(175, 'AW21-09021', 'Dans chaque page Web, les informations regroupées sous forme de listes non ordonnées utilisent-elles les balises ul et li ?', '9.2.1', 175, 'http://www.braillenet.org/accessibilite/referentiel-aw21/liste-deploye.php#test-9-2-1', NULL, NULL, NULL, 3),
(176, 'AW21-09022', 'Dans chaque page Web, les informations regroupées sous forme de listes ordonnées utilisent-elles les balises ol et li ?', '9.2.2', 176, 'http://www.braillenet.org/accessibilite/referentiel-aw21/liste-deploye.php#test-9-2-2', NULL, NULL, NULL, 3),
(177, 'AW21-09023', 'Dans chaque page Web, les informations regroupées sous forme de listes de définitions utilisent-elles les balises dl et dt/dd ?', '9.2.3', 177, 'http://www.braillenet.org/accessibilite/referentiel-aw21/liste-deploye.php#test-9-2-3', NULL, NULL, NULL, 3),
(178, 'AW21-09031', 'Dans chaque page Web, la première occurrence de chaque acronyme vérifie-t-elle une de ces conditions ?\n* L''acronyme est accompagné de sa signification sous forme d''un texte adjacent\n* L''acronyme est implémenté via un lien référençant une page ou un emplac', '9.3.1', 178, 'http://www.braillenet.org/accessibilite/referentiel-aw21/liste-deploye.php#test-9-3-1', NULL, NULL, NULL, 3),
(179, 'AW21-09032', 'Dans chaque page Web, la première occurrence de chaque abréviation vérifie-t-elle une de ces conditions ?\n* L''abréviation est accompagnée de sa signification sous forme d''un texte adjacent\n* L''abréviation est implémentée via un lien référençant une page o', '9.3.2', 179, 'http://www.braillenet.org/accessibilite/referentiel-aw21/liste-deploye.php#test-9-3-2', NULL, NULL, NULL, 3),
(180, 'AW21-09041', 'Dans chaque page Web, la signification de chaque acronyme est-elle pertinente ?', '9.4.1', 180, 'http://www.braillenet.org/accessibilite/referentiel-aw21/liste-deploye.php#test-9-4-1', NULL, NULL, NULL, 3),
(181, 'AW21-09042', 'Dans chaque page Web, la signification de chaque abréviation est-elle pertinente ?', '9.4.2', 181, 'http://www.braillenet.org/accessibilite/referentiel-aw21/liste-deploye.php#test-9-4-2', NULL, NULL, NULL, 3),
(182, 'AW21-09051', 'Dans chaque page Web, chaque citation courte utilise-t-elle une balise q ?', '9.5.1', 182, 'http://www.braillenet.org/accessibilite/referentiel-aw21/liste-deploye.php#test-9-5-1', NULL, NULL, NULL, 3),
(183, 'AW21-09052', 'Dans chaque page Web, chaque bloc de citation utilise-t-il une balise blockquote ?', '9.5.2', 183, 'http://www.braillenet.org/accessibilite/referentiel-aw21/liste-deploye.php#test-9-5-2', NULL, NULL, NULL, 3),
(184, 'AW21-10011', 'Dans chaque page Web, les balises servant à la présentation de l''information ne doivent pas être présentes dans le code source des pages. Cette règle est-elle respectée ?', '10.1.1', 184, 'http://www.braillenet.org/accessibilite/referentiel-aw21/liste-deploye.php#test-10-1-1', NULL, NULL, NULL, 3),
(185, 'AW21-10012', 'Dans chaque page Web, les attributs servant à la présentation de l''information ne doivent pas être présents dans le code source des pages. Cette règle est-elle respectée ?', '10.1.2', 185, 'http://www.braillenet.org/accessibilite/referentiel-aw21/liste-deploye.php#test-10-1-2', NULL, NULL, NULL, 3),
(186, 'AW21-10013', 'Dans chaque page Web, l''utilisation des espaces vérifie-t-elle ces conditions ?\n* Les espaces ne sont pas utilisés pour séparer les lettres d''un mot\n* Les espaces ne sont pas utilisés pour simuler des tableaux\n* Les espaces ne sont pas utilisés pour simul', '10.1.3', 186, 'http://www.braillenet.org/accessibilite/referentiel-aw21/liste-deploye.php#test-10-1-3', NULL, NULL, NULL, 3),
(187, 'AW21-10021', 'Dans chaque page Web, l''information reste-t-elle présente lorsque les feuilles de styles sont désactivées ?', '10.2.1', 187, 'http://www.braillenet.org/accessibilite/referentiel-aw21/liste-deploye.php#test-10-2-1', NULL, NULL, NULL, 3),
(188, 'AW21-10022', 'Dans chaque page Web, l''information reste-t-elle visible lorsque les images sont désactivées ?', '10.2.2', 188, 'http://www.braillenet.org/accessibilite/referentiel-aw21/liste-deploye.php#test-10-2-2', NULL, NULL, NULL, 3),
(189, 'AW21-10023', 'Dans chaque page Web, l''information reste-t-elle visible lorsque les couleurs sont désactivées ?', '10.2.3', 189, 'http://www.braillenet.org/accessibilite/referentiel-aw21/liste-deploye.php#test-10-2-3', NULL, NULL, NULL, 3),
(190, 'AW21-10031', 'Dans chaque page Web, l''information reste-t-elle compréhensible lorsque les feuilles de styles sont désactivées ?', '10.3.1', 190, 'http://www.braillenet.org/accessibilite/referentiel-aw21/liste-deploye.php#test-10-3-1', NULL, NULL, NULL, 3),
(191, 'AW21-10041', 'Dans les feuilles de styles du site Web, les unités non relatives (pt, pc, mm, cm, in) ne doivent pas être utilisées pour les types de média screen, tv, handheld, projection. Cette règle est-elle respectée ?', '10.4.1', 191, 'http://www.braillenet.org/accessibilite/referentiel-aw21/liste-deploye.php#test-10-4-1', NULL, NULL, NULL, 3),
(192, 'AW21-10042', 'Dans les feuilles de styles du site Web, les tailles de polices utilisent-elles uniquement des unités relatives ?', '10.4.2', 192, 'http://www.braillenet.org/accessibilite/referentiel-aw21/liste-deploye.php#test-10-4-2', NULL, NULL, NULL, 3),
(193, 'AW21-10043', 'Dans chaque page Web, l''augmentation de la taille des caractères jusqu''à 200%, au moins, ne doit pas provoquer de perte d''information. Cette règle est-elle respectée ?', '10.4.3', 193, 'http://www.braillenet.org/accessibilite/referentiel-aw21/liste-deploye.php#test-10-4-3', NULL, NULL, NULL, 3),
(194, 'AW21-10051', 'Dans chaque page Web, chaque déclaration CSS de couleurs de police (color), d''un élément susceptible de contenir du texte, est-elle accompagnée d''une déclaration de couleur de fond (background, background-color), au moins, héritée d''un parent ?', '10.5.1', 194, 'http://www.braillenet.org/accessibilite/referentiel-aw21/liste-deploye.php#test-10-5-1', NULL, NULL, NULL, 3),
(195, 'AW21-10052', 'Dans chaque page Web, chaque déclaration de couleur de fond (background, background-color), d''un élément susceptible de contenir du texte, est-elle accompagnée d''une déclaration de couleur de police (color) au moins, héritée d''un parent ?', '10.5.2', 195, 'http://www.braillenet.org/accessibilite/referentiel-aw21/liste-deploye.php#test-10-5-2', NULL, NULL, NULL, 3),
(196, 'AW21-10053', 'Dans chaque page Web, chaque utilisation d''une image pour créer une couleur de fond d''un élément susceptible de contenir du texte, via CSS (background, background-image), est-elle accompagnée d''une déclaration de couleur de fond (background, background-co', '10.5.3', 196, 'http://www.braillenet.org/accessibilite/referentiel-aw21/liste-deploye.php#test-10-5-3', NULL, NULL, NULL, 3),
(197, 'AW21-10061', 'Dans chaque page Web, chaque lien texte signalé uniquement par la couleur et dont la nature n''est pas évidente a-t-il un rapport de contraste supérieur ou égal à 3:1 par rapport au texte environnant ?', '10.6.1', 197, 'http://www.braillenet.org/accessibilite/referentiel-aw21/liste-deploye.php#test-10-6-1', NULL, NULL, NULL, 3),
(198, 'AW21-10071', 'Pour chaque élément recevant le focus, l''indication visuelle du navigateur ne doit pas être supprimée (propriété CSS outline, outline-color, outline-width, outline-style). Cette règle est-elle respectée ?', '10.7.1', 198, 'http://www.braillenet.org/accessibilite/referentiel-aw21/liste-deploye.php#test-10-7-1', NULL, NULL, NULL, 3),
(199, 'AW21-10072', 'Pour chaque élément recevant le focus, l''indication visuelle du navigateur ne doit pas être dégradée (propriété CSS outline-color). Cette règle est-elle respectée ?', '10.7.2', 199, 'http://www.braillenet.org/accessibilite/referentiel-aw21/liste-deploye.php#test-10-7-2', NULL, NULL, NULL, 3),
(200, 'AW21-10073', 'Chaque lien dans un texte signalé par la couleur uniquement vérifie-t-il ces conditions ?\n*  Une indication visuelle autre que la couleur permet de signaler la prise de focus au clavier.\n* Une indication visuelle autre que la couleur permet de signaler le', '10.7.3', 200, 'http://www.braillenet.org/accessibilite/referentiel-aw21/liste-deploye.php#test-10-7-3', NULL, NULL, NULL, 3),
(201, 'AW21-10081', 'Pour chaque bloc de texte contenu dans un élément HTML, la couleur de fond est-elle contrôlable par l''utilisateur ?', '10.8.1', 201, 'http://www.braillenet.org/accessibilite/referentiel-aw21/liste-deploye.php#test-10-8-1', NULL, NULL, NULL, 3),
(202, 'AW21-10082', 'Pour chaque bloc de texte contenu dans un élément HTML, la couleur de police est-elle contrôlable par l''utilisateur ?', '10.8.2', 202, 'http://www.braillenet.org/accessibilite/referentiel-aw21/liste-deploye.php#test-10-8-2', NULL, NULL, NULL, 3),
(203, 'AW21-10083', 'Pour chaque bloc de texte contenu dans un élément object, applet ou embed, la couleur de fond est-elle contrôlable par l''utilisateur ?', '10.8.3', 203, 'http://www.braillenet.org/accessibilite/referentiel-aw21/liste-deploye.php#test-10-8-3', NULL, NULL, NULL, 3),
(204, 'AW21-10084', 'Pour chaque bloc de texte contenu dans un élément object, applet ou embed, la couleur de police est-elle contrôlable par l''utilisateur ?', '10.8.4', 204, 'http://www.braillenet.org/accessibilite/referentiel-aw21/liste-deploye.php#test-10-8-4', NULL, NULL, NULL, 3),
(205, 'AW21-10091', 'Chaque page Web vérifie-t-elle une de ces conditions ?\n* Le texte n’est pas justifié\n* Un mécanisme permet à l’utilisateur de supprimer la justification du texte', '10.9.1', 205, 'http://www.braillenet.org/accessibilite/referentiel-aw21/liste-deploye.php#test-10-9-1', NULL, NULL, NULL, 3),
(206, 'AW21-10101', 'Dans chaque page Web, l''augmentation de la taille des caractères à 200% vérifie-t-elle une de ces conditions ?\n* En affichage plein écran, pour lire un bloc de texte, l''utilisation de la barre de défilement horizontal n''est pas nécessaire\n* Un mécanisme p', '10.10.1', 206, 'http://www.braillenet.org/accessibilite/referentiel-aw21/liste-deploye.php#test-10-10-1', NULL, NULL, NULL, 3),
(207, 'AW21-10111', 'Pour chaque page Web, chaque bloc de texte vérifie-t-il une de ces conditions (hors cas particuliers) ?\n* Chaque bloc de texte a une largeur inférieure ou égale à 80 caractères\n* L''utilisateur peut réduire la largeur de chaque bloc de texte à 80 caractère', '10.11.1', 207, 'http://www.braillenet.org/accessibilite/referentiel-aw21/liste-deploye.php#test-10-11-1', NULL, NULL, NULL, 3),
(208, 'AW21-10121', 'Pour chaque page Web, chaque bloc de texte vérifie-t-il une de ces conditions ?\n* La valeur de l''interligne est égale à 1,5 fois la taille du texte, au moins\n* Un mécanisme permet d''augmenter la valeur de l''interligne à 1,5 fois la taille du texte, au moi', '10.12.1', 208, 'http://www.braillenet.org/accessibilite/referentiel-aw21/liste-deploye.php#test-10-12-1', NULL, NULL, NULL, 3),
(209, 'AW21-10122', 'Pour chaque page Web, chaque bloc de texte vérifie-t-il une de ces conditions ?\n* La valeur de l''espacement entre deux paragraphe est égale à 1,5 fois la valeur de l''interligne, au moins\n* Un mécanisme permet d''augmenter la valeur de l''espacement entre de', '10.12.2', 209, 'http://www.braillenet.org/accessibilite/referentiel-aw21/liste-deploye.php#test-10-12-2', NULL, NULL, NULL, 3),
(210, 'AW21-10131', 'Dans chaque page Web, chaque texte caché (propriété display:none ou visibility:hidden) vérifie-t-il une de ces conditions ?\n* Le texte n''a pas vocation à être restitué par les technologies d''assistance\n* Le texte est rendu visible sur action de l''utilisat', '10.13.1', 210, 'http://www.braillenet.org/accessibilite/referentiel-aw21/liste-deploye.php#test-10-13-1', NULL, NULL, NULL, 3),
(211, 'AW21-10141', 'Dans chaque page Web, pour chaque texte ou ensemble de texte, l''information ne doit pas être donnée uniquement par la forme ou la position. Cette règle est-elle respectée ?', '10.14.1', 211, 'http://www.braillenet.org/accessibilite/referentiel-aw21/liste-deploye.php#test-10-14-1', NULL, NULL, NULL, 3),
(212, 'AW21-10142', 'Dans chaque page Web, pour chaque image ou ensemble d''image, l''information ne doit pas être donnée uniquement par la forme ou la position. Cette règle est-elle respectée ?', '10.14.2', 212, 'http://www.braillenet.org/accessibilite/referentiel-aw21/liste-deploye.php#test-10-14-2', NULL, NULL, NULL, 3),
(213, 'AW21-10143', 'Dans chaque page Web, pour chaque média temporel, l''information ne doit pas être donnée uniquement par la forme ou la position. Cette règle est-elle respectée ?', '10.14.3', 213, 'http://www.braillenet.org/accessibilite/referentiel-aw21/liste-deploye.php#test-10-14-3', NULL, NULL, NULL, 3),
(214, 'AW21-10144', 'Dans chaque page Web, pour chaque média non temporel, l''information ne doit pas être donnée uniquement par la forme ou la position. Cette règle est-elle respectée ?', '10.14.4', 214, 'http://www.braillenet.org/accessibilite/referentiel-aw21/liste-deploye.php#test-10-14-4', NULL, NULL, NULL, 3),
(215, 'AW21-10151', 'Dans chaque page Web, pour chaque texte ou ensemble de texte, l''information ne doit pas être donnée uniquement par la forme ou la position. Cette règle est-elle implémentée de façon pertinente ?', '10.15.1', 215, 'http://www.braillenet.org/accessibilite/referentiel-aw21/liste-deploye.php#test-10-15-1', NULL, NULL, NULL, 3),
(216, 'AW21-10152', 'Dans chaque page Web, pour chaque image ou ensemble d''image, l''information ne doit pas être donnée par la forme ou la position uniquement. Cette règle est-elle implémentée de façon pertinente ?', '10.15.2', 216, 'http://www.braillenet.org/accessibilite/referentiel-aw21/liste-deploye.php#test-10-15-2', NULL, NULL, NULL, 3),
(217, 'AW21-10153', 'Dans chaque page Web, pour chaque média temporel, l''information ne doit pas être donnée par la forme ou la position uniquement. Cette règle est-elle implémentée de façon pertinente ?', '10.15.3', 217, 'http://www.braillenet.org/accessibilite/referentiel-aw21/liste-deploye.php#test-10-15-3', NULL, NULL, NULL, 3),
(218, 'AW21-10154', 'Dans chaque page Web, pour chaque média non temporel, l''information ne doit pas être donnée par la forme ou la position uniquement. Cette règle est-elle implémentée de façon pertinente ?', '10.15.4', 218, 'http://www.braillenet.org/accessibilite/referentiel-aw21/liste-deploye.php#test-10-15-4', NULL, NULL, NULL, 3),
(219, 'AW21-11011', 'Chaque champ de formulaire (balise input de type text, password, checkbox, radio, file ou balises textarea et select), vérifie-t-il une de ces conditions ?\n* Le champ de formulaire possède un attribut title\n* Une étiquette (balise label) est associée au c', '11.1.1', 219, 'http://www.braillenet.org/accessibilite/referentiel-aw21/liste-deploye.php#test-11-1-1', NULL, NULL, NULL, 3),
(220, 'AW21-11012', 'Chaque champ de formulaire (balise input de type text, password, checkbox, radio, file ou balises textarea et select), associé à une étiquette (balise label), vérifie-t-il ces conditions ?\n* Le champ de formulaire possède un attribut id\n* La valeur de l''a', '11.1.2', 220, 'http://www.braillenet.org/accessibilite/referentiel-aw21/liste-deploye.php#test-11-1-2', NULL, NULL, NULL, 3),
(221, 'AW21-11013', 'Chaque étiquette (balise label) associée à un champ de formulaire (balise input de type text, password, checkbox, radio, file ou balises textarea et select) vérifie-t-elle ces conditions ?\n* La balise label possède un attribut for\n* La valeur de l''attribu', '11.1.3', 221, 'http://www.braillenet.org/accessibilite/referentiel-aw21/liste-deploye.php#test-11-1-3', NULL, NULL, NULL, 3),
(222, 'AW21-11021', 'Chaque étiquette (balise label) permet-elle de connaître la fonction exacte du champ de formulaire (balise input de type text, password, checkbox, radio, file ou balises textarea et select) auquel elle est associée ?', '11.2.1', 222, 'http://www.braillenet.org/accessibilite/referentiel-aw21/liste-deploye.php#test-11-2-1', NULL, NULL, NULL, 3),
(223, 'AW21-11022', 'Chaque attribut title permet-il de connaître la fonction exacte du champ de formulaire (balise input de type text, password, checkbox, radio, file ou balises textarea et select) auquel il est associé ?', '11.2.2', 223, 'http://www.braillenet.org/accessibilite/referentiel-aw21/liste-deploye.php#test-11-2-2', NULL, NULL, NULL, 3),
(224, 'AW21-11031', 'Chaque étiquette associée à un champ de formulaire ayant la même fonction et répétés plusieurs fois dans une même page est-elle cohérente ?', '11.3.1', 224, 'http://www.braillenet.org/accessibilite/referentiel-aw21/liste-deploye.php#test-11-3-1', NULL, NULL, NULL, 3),
(225, 'AW21-11032', 'Chaque étiquette associée à un champ de formulaire ayant la même fonction et répétés dans un ensemble de page est-elle cohérente ?', '11.3.2', 225, 'http://www.braillenet.org/accessibilite/referentiel-aw21/liste-deploye.php#test-11-3-2', NULL, NULL, NULL, 3),
(226, 'AW21-11041', 'Dans chaque formulaire, chaque étiquette de champ et son champ associé sont-ils accolés ?', '11.4.1', 226, 'http://www.braillenet.org/accessibilite/referentiel-aw21/liste-deploye.php#test-11-4-1', NULL, NULL, NULL, 3),
(227, 'AW21-11051', 'Dans chaque formulaire, les informations de même nature sont-elles regroupées via une balise fieldset, si nécessaire ?', '11.5.1', 227, 'http://www.braillenet.org/accessibilite/referentiel-aw21/liste-deploye.php#test-11-5-1', NULL, NULL, NULL, 3),
(228, 'AW21-11061', 'Chaque regroupement de champs de formulaire (balise fieldset) est-elle suivie dans le code source par une légende (balise legend) ?', '11.6.1', 228, 'http://www.braillenet.org/accessibilite/referentiel-aw21/liste-deploye.php#test-11-6-1', NULL, NULL, NULL, 3),
(229, 'AW21-11071', 'Dans chaque formulaire, chaque légende (balise legend) associée à un groupement de champs de formulaire (balise fieldset) est-elle pertinente ?', '11.7.1', 229, 'http://www.braillenet.org/accessibilite/referentiel-aw21/liste-deploye.php#test-11-7-1', NULL, NULL, NULL, 3),
(230, 'AW21-11081', 'Dans chaque formulaire, pour chaque liste de choix (balise select), les items sont-ils regroupés avec une balise optgroup, si nécessaire ?', '11.8.1', 230, 'http://www.braillenet.org/accessibilite/referentiel-aw21/liste-deploye.php#test-11-8-1', NULL, NULL, NULL, 3),
(231, 'AW21-11082', 'Dans chaque liste de choix (balise select), chaque regroupement d''items de liste (balise optgroup) possède-t-il un attribut legend ?', '11.8.2', 231, 'http://www.braillenet.org/accessibilite/referentiel-aw21/liste-deploye.php#test-11-8-2', NULL, NULL, NULL, 3),
(232, 'AW21-11083', 'Pour chaque regroupement d''items de liste (balise optgroup) ayant un attribut legend, le contenu de l''attribut legend est-il pertinent ?', '11.8.3', 232, 'http://www.braillenet.org/accessibilite/referentiel-aw21/liste-deploye.php#test-11-8-3', NULL, NULL, NULL, 3),
(233, 'AW21-11091', 'Dans chaque formulaire, l''intitulé de chaque bouton vérifie-t-il une de ces conditions ?\n* Le contenu de l''attribut value des boutons de formulaire de type submit, reset ou button est pertinent\n* Le contenu de la balise <button> est pertinent\n* Le contenu', '11.9.1', 233, 'http://www.braillenet.org/accessibilite/referentiel-aw21/liste-deploye.php#test-11-9-1', NULL, NULL, NULL, 3),
(234, 'AW21-11101', 'Pour chaque formulaire, les champs obligatoires sont-ils signalés de manière pertinente ?', '11.10.1', 234, 'http://www.braillenet.org/accessibilite/referentiel-aw21/liste-deploye.php#test-11-10-1', NULL, NULL, NULL, 3),
(235, 'AW21-11102', 'Pour chaque formulaire, les erreurs de saisie sont-elles indiquées de manière pertinente ?', '11.10.2', 235, 'http://www.braillenet.org/accessibilite/referentiel-aw21/liste-deploye.php#test-11-10-2', NULL, NULL, NULL, 3),
(236, 'AW21-11103', 'Pour chaque formulaire, pour chaque champ obligatoire, le type de donnée et/ou de format est-il indiqué, si nécessaire ?', '11.10.3', 236, 'http://www.braillenet.org/accessibilite/referentiel-aw21/liste-deploye.php#test-11-10-3', NULL, NULL, NULL, 3),
(237, 'AW21-11111', 'Pour chaque formulaire, pour chaque erreur de saisie, les types et les formats de données sont-ils suggérés, si nécessaire ?', '11.11.1', 237, 'http://www.braillenet.org/accessibilite/referentiel-aw21/liste-deploye.php#test-11-11-1', NULL, NULL, NULL, 3),
(238, 'AW21-11112', 'Pour chaque formulaire, pour chaque erreur de saisie, des exemples de valeurs attendues sont-ils suggérés, lorsque c''est possible ?', '11.11.2', 238, 'http://www.braillenet.org/accessibilite/referentiel-aw21/liste-deploye.php#test-11-11-2', NULL, NULL, NULL, 3),
(239, 'AW21-11121', 'Pour chaque formulaire, la saisie des données à caractère financier, juridique ou personnelle vérifie-t-elle une de ces conditions ?\n* L''utilisateur peut modifier ou annuler les données et les actions effectuées sur ces données après leur saisie\n* L''utili', '11.12.1', 239, 'http://www.braillenet.org/accessibilite/referentiel-aw21/liste-deploye.php#test-11-12-1', NULL, NULL, NULL, 3),
(240, 'AW21-11122', 'Pour chaque formulaire, la suppression des données à caractère financier, juridique ou personnelle vérifie-t-elle une de ces conditions ?\n* Un mécanisme permet de récupérer les données supprimées par l''utilisateur\n* Un mécanisme de confirmation explicite ', '11.12.2', 240, 'http://www.braillenet.org/accessibilite/referentiel-aw21/liste-deploye.php#test-11-12-2', NULL, NULL, NULL, 3),
(241, 'AW21-11131', 'Pour chaque formulaire, la saisie des données vérifie-t-elle une de ces conditions ?\n* L''utilisateur peut modifier ou annuler les données et les actions effectuées sur ces données après leur saisie\n* L''utilisateur peut vérifier et corriger les données ava', '11.13.1', 241, 'http://www.braillenet.org/accessibilite/referentiel-aw21/liste-deploye.php#test-11-13-1', NULL, NULL, NULL, 3),
(242, 'AW21-11132', 'Pour chaque formulaire, la suppression des données vérifie-t-elle une de ces conditions ?\n* Un mécanisme permet de récupérer les données supprimées par l''utilisateur\n* Un mécanisme de confirmation explicite de la suppression, via un champ de formulaire ou', '11.13.2', 242, 'http://www.braillenet.org/accessibilite/referentiel-aw21/liste-deploye.php#test-11-13-2', NULL, NULL, NULL, 3),
(243, 'AW21-11141', 'Chaque formulaire vérifie-t-il, si nécessaire, l''une de ces conditions ? \n*  Il existe un lien vers une page d''aide\n* Il existe des indications avant le formulaire\n* Il existe des indications avant les champs de formulaire\n* Un assistant est disponible', '11.14.1', 243, 'http://www.braillenet.org/accessibilite/referentiel-aw21/liste-deploye.php#test-11-14-1', NULL, NULL, NULL, 3),
(244, 'AW21-11142', 'Chaque champ de type texte vérifie-t-il, si nécessaire, l’une de ces conditions ?\n*  Un correcteur orthographique est disponible\n* Des suggestions de saisie sont disponibles', '11.14.2', 244, 'http://www.braillenet.org/accessibilite/referentiel-aw21/liste-deploye.php#test-11-14-2', NULL, NULL, NULL, 3),
(245, 'AW21-11151', 'Pour chaque formulaire, chaque aide à la saisie est-elle pertinente ?', '11.15.1', 245, 'http://www.braillenet.org/accessibilite/referentiel-aw21/liste-deploye.php#test-11-15-1', NULL, NULL, NULL, 3),
(246, 'AW21-12011', 'Chaque ensemble de pages vérifie-t-il une de ces conditions (hors cas particuliers) ?\n* Un menu de navigation et un plan du site sont présents\n* Un menu de navigation et un moteur de recherche sont présents\n* Un moteur de recherche et un plan du site sont', '12.1.1', 246, 'http://www.braillenet.org/accessibilite/referentiel-aw21/liste-deploye.php#test-12-1-1', NULL, NULL, NULL, 3),
(247, 'AW21-12021', 'Dans chaque ensemble de pages, chaque page ayant un menu de navigation vérifie-t-elle ces conditions (hors cas particuliers) ?\n* Le menu de navigation est toujours à la même place dans la présentation\n* Le menu de navigation se présente toujours dans le m', '12.2.1', 247, 'http://www.braillenet.org/accessibilite/referentiel-aw21/liste-deploye.php#test-12-2-1', NULL, NULL, NULL, 3),
(248, 'AW21-12022', 'Chaque barre de navigation répétée dans un ensemble de page vérifie-t-elle ces conditions (hors cas particuliers) ?\n* La barre de navigation est toujours à la même place dans la présentation\n* La barre de navigation se présente toujours dans le même ordre', '12.2.2', 248, 'http://www.braillenet.org/accessibilite/referentiel-aw21/liste-deploye.php#test-12-2-2', NULL, NULL, NULL, 3),
(249, 'AW21-12031', 'Dans chaque ensemble de pages, le menu de navigation principal a-t-il une présentation cohérente (hors cas particuliers) ?', '12.3.1', 249, 'http://www.braillenet.org/accessibilite/referentiel-aw21/liste-deploye.php#test-12-3-1', NULL, NULL, NULL, 3),
(250, 'AW21-12032', 'Dans chaque ensemble de pages, les barres de navigation répétées ont-elles une présentation cohérente (hors cas particuliers) ?', '12.3.2', 250, 'http://www.braillenet.org/accessibilite/referentiel-aw21/liste-deploye.php#test-12-3-2', NULL, NULL, NULL, 3),
(251, 'AW21-12041', 'La page "plan du site" est-elle représentative de l''architecture générale du site ?', '12.4.1', 251, 'http://www.braillenet.org/accessibilite/referentiel-aw21/liste-deploye.php#test-12-4-1', NULL, NULL, NULL, 3),
(252, 'AW21-12042', 'Les liens du plan du site sont-ils fonctionnels ?', '12.4.2', 252, 'http://www.braillenet.org/accessibilite/referentiel-aw21/liste-deploye.php#test-12-4-2', NULL, NULL, NULL, 3),
(253, 'AW21-12043', 'Les liens du plan du site renvoient-ils bien vers les pages indiquées par l''intitulé ?', '12.4.3', 253, 'http://www.braillenet.org/accessibilite/referentiel-aw21/liste-deploye.php#test-12-4-3', NULL, NULL, NULL, 3),
(254, 'AW21-12051', 'Dans chaque ensemble de pages, la page "plan du site" est-elle accessible à partir d''une fonctionnalité identique ?', '12.5.1', 254, 'http://www.braillenet.org/accessibilite/referentiel-aw21/liste-deploye.php#test-12-5-1', NULL, NULL, NULL, 3),
(255, 'AW21-12052', 'Dans chaque ensemble de pages, la fonctionnalité vers la page "plan du site" est-elle située à la même place dans la présentation ?', '12.5.2', 255, 'http://www.braillenet.org/accessibilite/referentiel-aw21/liste-deploye.php#test-12-5-2', NULL, NULL, NULL, 3),
(256, 'AW21-12053', 'Dans chaque ensemble de pages, la fonctionnalité vers la page "plan du site" se présente-t-elle toujours dans le même ordre relatif dans le code source ?', '12.5.3', 256, 'http://www.braillenet.org/accessibilite/referentiel-aw21/liste-deploye.php#test-12-5-3', NULL, NULL, NULL, 3),
(257, 'AW21-12061', 'Dans chaque ensemble de pages, le moteur de recherche est-il accessible à partir d''une fonctionnalité identique ?', '12.6.1', 257, 'http://www.braillenet.org/accessibilite/referentiel-aw21/liste-deploye.php#test-12-6-1', NULL, NULL, NULL, 3),
(258, 'AW21-12062', 'Dans chaque ensemble de pages, la fonctionnalité vers le moteur de recherche est-elle située à la même place dans la présentation ?', '12.6.2', 258, 'http://www.braillenet.org/accessibilite/referentiel-aw21/liste-deploye.php#test-12-6-2', NULL, NULL, NULL, 3),
(259, 'AW21-12063', 'Dans chaque ensemble de pages, la fonctionnalité vers le moteur de recherche se présente-t-elle toujours dans le même ordre relatif dans le code source ?', '12.6.3', 259, 'http://www.braillenet.org/accessibilite/referentiel-aw21/liste-deploye.php#test-12-6-3', NULL, NULL, NULL, 3),
(260, 'AW21-12071', 'Chaque page d''une collection de pages vérifie-t-elle ces conditions :\n*  Un lien permet d''accéder à la page suivante\n* Un lien permet d''accéder à la page précédente\n* Des liens permettent d''accéder à chaque page de la collection de pages', '12.7.1', 260, 'http://www.braillenet.org/accessibilite/referentiel-aw21/liste-deploye.php#test-12-7-1', NULL, NULL, NULL, 3),
(261, 'AW21-12081', 'Dans chaque page web, un fil d''Ariane est-il présent?', '12.8.1', 261, 'http://www.braillenet.org/accessibilite/referentiel-aw21/liste-deploye.php#test-12-8-1', NULL, NULL, NULL, 3),
(262, 'AW21-12091', 'Dans chaque page Web, le fil d''Ariane est-il représentatif de la position de la page dans l''arborescence du site ?', '12.9.1', 262, 'http://www.braillenet.org/accessibilite/referentiel-aw21/liste-deploye.php#test-12-9-1', NULL, NULL, NULL, 3),
(263, 'AW21-12101', 'Dans chaque page Web, chaque groupe de liens importants est-il implémenté dans un élément commun ?', '12.10.1', 263, 'http://www.braillenet.org/accessibilite/referentiel-aw21/liste-deploye.php#test-12-10-1', NULL, NULL, NULL, 3),
(264, 'AW21-12102', 'Dans chaque page Web, chaque groupe de liens importants vérifie-t-il une de ces conditions ?\n* L''élément structurant le groupe de liens importants possède un attribut Id\n* L''élément structurant le groupe de liens important est immédiatement précédé, dans ', '12.10.2', 264, 'http://www.braillenet.org/accessibilite/referentiel-aw21/liste-deploye.php#test-12-10-2', NULL, NULL, NULL, 3),
(265, 'AW21-12103', 'Dans chaque page Web, la zone de contenu vérifie-t-elle une de ces conditions ?\n* La zone de contenu possède un attribut Id\n* La zone de contenu est immédiatement précédée, dans le code source, d''une ancre nommée\n* Le premier élément de la zone de contenu', '12.10.3', 265, 'http://www.braillenet.org/accessibilite/referentiel-aw21/liste-deploye.php#test-12-10-3', NULL, NULL, NULL, 3),
(266, 'AW21-12111', 'Dans chaque page Web, un lien permet-il d''éviter chaque groupe de liens importants identifié ou d''y accéder ?', '12.11.1', 266, 'http://www.braillenet.org/accessibilite/referentiel-aw21/liste-deploye.php#test-12-11-1', NULL, NULL, NULL, 3),
(267, 'AW21-12112', 'Dans chaque page Web, un lien permet-il d''éviter la zone de contenu identifiée ou d''y accéder ?', '12.11.2', 267, 'http://www.braillenet.org/accessibilite/referentiel-aw21/liste-deploye.php#test-12-11-2', NULL, NULL, NULL, 3),
(268, 'AW21-12113', 'Dans chaque page Web, chaque lien d''évitement ou d''accès rapide est-il fonctionnel ?', '12.11.3', 268, 'http://www.braillenet.org/accessibilite/referentiel-aw21/liste-deploye.php#test-12-11-3', NULL, NULL, NULL, 3),
(269, 'AW21-12114', 'Dans chaque page Web, les liens d''évitements ou d''accès rapide vérifient-t-ils ces conditions ?\n* Chaque lien est situé à la même place dans la présentation\n* Chaque lien se présente toujours dans le même ordre relatif dans le code source', '12.11.4', 269, 'http://www.braillenet.org/accessibilite/referentiel-aw21/liste-deploye.php#test-12-11-4', NULL, NULL, NULL, 3),
(270, 'AW21-12121', 'Dans chaque page Web, la page en cours de consultation est-elle indiquée dans le menu de navigation ?', '12.12.1', 270, 'http://www.braillenet.org/accessibilite/referentiel-aw21/liste-deploye.php#test-12-12-1', NULL, NULL, NULL, 3),
(271, 'AW21-12131', 'Dans chaque page Web, l''ordre de tabulation dans le contenu est-il cohérent ?', '12.13.1', 271, 'http://www.braillenet.org/accessibilite/referentiel-aw21/liste-deploye.php#test-12-13-1', NULL, NULL, NULL, 3),
(272, 'AW21-12132', 'Pour chaque script qui met à jour ou insère un contenu, l''ordre de tabulation reste-t-il cohérent ?', '12.13.2', 272, 'http://www.braillenet.org/accessibilite/referentiel-aw21/liste-deploye.php#test-12-13-2', NULL, NULL, NULL, 3),
(273, 'AW21-12141', 'Dans chaque page Web, chaque élément recevant le focus vérifie-t-il une de ces conditions ?\n* Il est possible d''atteindre l''élément suivant ou précédent pouvant recevoir le focus avec la touche de tabulation\n* L''utilisateur est informé d''un mécanisme fonc', '12.14.1', 273, 'http://www.braillenet.org/accessibilite/referentiel-aw21/liste-deploye.php#test-12-14-1', NULL, NULL, NULL, 3),
(274, 'AW21-13011', 'Pour chaque page Web, chaque procédé de rafraîchissement ou de redirection automatique (code, script, balise object, balise applet, balise meta) vérifie-t-il une de ces conditions (hors cas particuliers) ?\n* L''utilisateur peut arrêter ou relancer le rafra', '13.1.1', 274, 'http://www.braillenet.org/accessibilite/referentiel-aw21/liste-deploye.php#test-13-1-1', NULL, NULL, NULL, 3),
(275, 'AW21-13012', 'Pour chaque page Web, chaque procédé de redirection effectué via une balise méta est-il immédiat (hors cas particuliers) ?', '13.1.2', 275, 'http://www.braillenet.org/accessibilite/referentiel-aw21/liste-deploye.php#test-13-1-2', NULL, NULL, NULL, 3),
(276, 'AW21-13013', 'Pour chaque page Web, chaque procédé de redirection effectué via un script vérifie-t-il une de ces conditions (hors cas particuliers) ?\n* L''utilisateur peut arrêter ou relancer la redirection\n* L''utilisateur peut augmenter la limite de temps avant la redi', '13.1.3', 276, 'http://www.braillenet.org/accessibilite/referentiel-aw21/liste-deploye.php#test-13-1-3', NULL, NULL, NULL, 3),
(277, 'AW21-13014', 'Pour chaque page Web, chaque procédé de redirection effectué coté serveur vérifie-t-il une de ces conditions (hors cas particuliers) ?\n* L''utilisateur peut arrêter ou relancer la redirection\n* L''utilisateur peut augmenter la limite de temps avant la redir', '13.1.4', 277, 'http://www.braillenet.org/accessibilite/referentiel-aw21/liste-deploye.php#test-13-1-4', NULL, NULL, NULL, 3),
(278, 'AW21-13015', 'Pour chaque page Web, chaque procédé limitant le temps d’une session vérifie-t-il une de ces conditions (hors cas particuliers) ?\n* L’utilisateur peut supprimer la limite de temps\n* L’utilisateur peut augmenter la limite de temps\n* La limite de temps avan', '13.1.5', 278, 'http://www.braillenet.org/accessibilite/referentiel-aw21/liste-deploye.php#test-13-1-5', NULL, NULL, NULL, 3),
(279, 'AW21-13021', 'Dans chaque page Web, pour chaque ouverture d''une nouvelle fenêtre effectuée via un lien (attribut target="_blank") ou une commande javascript, l''utilisateur est-il averti ?', '13.2.1', 279, 'http://www.braillenet.org/accessibilite/referentiel-aw21/liste-deploye.php#test-13-2-1', NULL, NULL, NULL, 3),
(280, 'AW21-13022', 'Dans chaque page Web, pour chaque ouverture d''une nouvelle fenêtre effectuée via une balise object, applet ou embed, l''utilisateur est-il averti ?', '13.2.2', 280, 'http://www.braillenet.org/accessibilite/referentiel-aw21/liste-deploye.php#test-13-2-2', NULL, NULL, NULL, 3),
(281, 'AW21-13023', 'Dans chaque page Web, pour chaque ouverture d''une nouvelle fenêtre effectuée via un contrôle de formulaire, l''utilisateur est-il averti ?', '13.2.3', 281, 'http://www.braillenet.org/accessibilite/referentiel-aw21/liste-deploye.php#test-13-2-3', NULL, NULL, NULL, 3),
(282, 'AW21-13031', 'Dans chaque page Web, l''ouverture d''une nouvelle fenêtre ne doit pas être déclenchée sans action de l''utilisateur. Cette règle est-elle respectée ?', '13.3.1', 282, 'http://www.braillenet.org/accessibilite/referentiel-aw21/liste-deploye.php#test-13-3-1', NULL, NULL, NULL, 3),
(283, 'AW21-13041', 'Dans chaque page Web, chaque tâche limitée dans le temps vérifie-t-elle une de ces conditions ?\n* La tâche se déroule en temps réel\n* La tâche requiert une limite de temps essentielle à son bon déroulement', '13.4.1', 283, 'http://www.braillenet.org/accessibilite/referentiel-aw21/liste-deploye.php#test-13-4-1', NULL, NULL, NULL, 3),
(284, 'AW21-13051', 'Dans chaque page Web, lors d''une interruption de session authentifiée, les données saisies par l''utilisateur sont-elles récupérées après ré-authentification ?', '13.5.1', 284, 'http://www.braillenet.org/accessibilite/referentiel-aw21/liste-deploye.php#test-13-5-1', NULL, NULL, NULL, 3),
(285, 'AW21-13061', 'Dans chaque page Web, chaque fichier en téléchargement via un lien ou un formulaire a-t-il des informations relatives à son format ?', '13.6.1', 285, 'http://www.braillenet.org/accessibilite/referentiel-aw21/liste-deploye.php#test-13-6-1', NULL, NULL, NULL, 3),
(286, 'AW21-13062', 'Dans chaque page Web, chaque fichier en téléchargement via un lien ou un formulaire a-t-il des informations relatives à son poids ?', '13.6.2', 286, 'http://www.braillenet.org/accessibilite/referentiel-aw21/liste-deploye.php#test-13-6-2', NULL, NULL, NULL, 3),
(287, 'AW21-13063', 'Dans chaque page Web, chaque fichier en téléchargement via un lien ou un formulaire a-t-il, si nécessaire, des informations relatives à sa langue ?', '13.6.3', 287, 'http://www.braillenet.org/accessibilite/referentiel-aw21/liste-deploye.php#test-13-6-3', NULL, NULL, NULL, 3),
(288, 'AW21-13071', 'Dans chaque page Web, chaque fonctionnalité de téléchargement d''un document bureautique vérifie-t-elle une de ces conditions (hors cas particuliers) ?\n* Le document en téléchargement est compatible avec l''accessibilité\n* Il existe une version alternative ', '13.7.1', 288, 'http://www.braillenet.org/accessibilite/referentiel-aw21/liste-deploye.php#test-13-7-1', NULL, NULL, NULL, 3),
(289, 'AW21-13081', 'Chaque document bureautique ayant une version accessible vérifie-t-il une de ces conditions ?\n* La version compatible avec l''accessibilité offre la même information\n* La version alternative au format HTML est pertinente et offre la même information', '13.8.1', 289, 'http://www.braillenet.org/accessibilite/referentiel-aw21/liste-deploye.php#test-13-8-1', NULL, NULL, NULL, 3),
(290, 'AW21-13091', 'Dans chaque page Web, chaque expression inhabituelle ou limitée, chaque expression idiomatique ou le jargon vérifie-t-il une des conditions suivantes ?\n* Il existe une définition via l''élément dfn\n* Il existe une définition via une liste de définition\n* I', '13.9.1', 290, 'http://www.braillenet.org/accessibilite/referentiel-aw21/liste-deploye.php#test-13-9-1', NULL, NULL, NULL, 3),
(291, 'AW21-13101', 'Dans chaque page Web, pour chaque expression inhabituelle ou limitée, idiomatique ou de jargon ayant une définition, cette définition vérifie-t-elle l’une de ces conditions ?\n* Le contenu de l''élément dfn est pertinent\n* Le contenu de l''élément dd de la l', '13.10.1', 291, 'http://www.braillenet.org/accessibilite/referentiel-aw21/liste-deploye.php#test-13-10-1', NULL, NULL, NULL, 3),
(292, 'AW21-13111', 'Dans chaque page Web, chaque contenu cryptique (art ascii, émoticon, syntaxe cryptique) vérifie-t-il une de ces conditions ?\n* Un attribut title est disponible\n* Une définition est donnée par le contexte adjacent', '13.11.1', 292, 'http://www.braillenet.org/accessibilite/referentiel-aw21/liste-deploye.php#test-13-11-1', NULL, NULL, NULL, 3),
(293, 'AW21-13121', 'Dans chaque page Web, chaque contenu cryptique (art ascii, émoticon, syntaxe cryptique) vérifie-t-il une de ces conditions ?\n*   Le contenu de l''attribut title est pertinent\n* La définition donnée par le contexte adjacent est pertinente', '13.12.1', 293, 'http://www.braillenet.org/accessibilite/referentiel-aw21/liste-deploye.php#test-13-12-1', NULL, NULL, NULL, 3),
(294, 'AW21-13131', 'Dans chaque page Web, chaque mot dont le sens ne peut être compris sans en connaître la prononciation, vérifie-t-il une de ces conditions ?\n* L''indication de la prononciation phonétique est présente de manière adjacente\n* L''indication de la prononciation ', '13.13.1', 294, 'http://www.braillenet.org/accessibilite/referentiel-aw21/liste-deploye.php#test-13-13-1', NULL, NULL, NULL, 3),
(295, 'AW21-13141', 'Dans chaque page Web, chaque texte qui nécessite un niveau de lecture plus avancé que le premier cycle de l''enseignement secondaire (hors nom propre et titre) vérifie-t-il une de ces conditions ?\n* Une illustration ou des symboles graphiques adaptés au ni', '13.14.1', 295, 'http://www.braillenet.org/accessibilite/referentiel-aw21/liste-deploye.php#test-13-14-1', NULL, NULL, NULL, 3),
(296, 'AW21-13151', 'Dans chaque page Web, chaque image animée (balise img ou balise object) qui provoque un changement brusque de luminosité ou un effet de flash vérifie-t-elle une de ces conditions ?\n* La fréquence de l''effet est inférieure à 3 par seconde\n* La surface tota', '13.15.1', 296, 'http://www.braillenet.org/accessibilite/referentiel-aw21/liste-deploye.php#test-13-15-1', NULL, NULL, NULL, 3),
(297, 'AW21-13152', 'Dans chaque page Web, chaque script  qui provoque un changement brusque de luminosité ou un effet de flash vérifie-t-il une de ces conditions ?\n* La fréquence de l''effet est inférieure à 3 par seconde\n* La surface totale cumulée des effets est inférieure ', '13.15.2', 297, 'http://www.braillenet.org/accessibilite/referentiel-aw21/liste-deploye.php#test-13-15-2', NULL, NULL, NULL, 3),
(298, 'AW21-13153', 'Dans chaque page Web, chaque mise en forme CSS qui provoque un changement brusque de luminosité ou un effet de flash vérifie-t-elle une de ces conditions ?\n* La fréquence de l''effet est inférieure à 3 par seconde\n* La surface totale cumulée des effets est', '13.15.3', 298, 'http://www.braillenet.org/accessibilite/referentiel-aw21/liste-deploye.php#test-13-15-3', NULL, NULL, NULL, 3),
(299, 'AW21-13154', 'Dans chaque page Web, chaque applet java qui provoque un changement brusque de luminosité ou un effet de flash vérifie-t-elle les une de ces conditions ?\n* La fréquence de l''effet est inférieure à 3 par seconde\n* La surface totale cumulée des effets est i', '13.15.4', 299, 'http://www.braillenet.org/accessibilite/referentiel-aw21/liste-deploye.php#test-13-15-4', NULL, NULL, NULL, 3),
(300, 'AW21-13161', 'Dans chaque page Web, chaque changement brusque de luminosité ou un effet de flash provoqué par une image animée (balise img ou balise object) a-t-il une fréquence inférieure ou égale à 3 par seconde ?', '13.16.1', 300, 'http://www.braillenet.org/accessibilite/referentiel-aw21/liste-deploye.php#test-13-16-1', NULL, NULL, NULL, 3),
(301, 'AW21-13162', 'Dans chaque page Web chaque changement brusque de luminosité ou un effet de flash provoqué par un script a-t-il une fréquence inférieure ou égale à 3 par seconde ?', '13.16.2', 301, 'http://www.braillenet.org/accessibilite/referentiel-aw21/liste-deploye.php#test-13-16-2', NULL, NULL, NULL, 3),
(302, 'AW21-13163', 'Dans chaque page Web, chaque changement brusque de luminosité ou un effet de flash provoqué par une mise en forme CSS a-t-il une fréquence inférieure ou égale à 3 par seconde ?', '13.16.3', 302, 'http://www.braillenet.org/accessibilite/referentiel-aw21/liste-deploye.php#test-13-16-3', NULL, NULL, NULL, 3),
(303, 'AW21-13164', 'Dans chaque page Web, chaque changement brusque de luminosité ou un effet de flash provoqué par une applet java a-t-il une fréquence inférieure ou égale à 3 par seconde ?', '13.16.4', 303, 'http://www.braillenet.org/accessibilite/referentiel-aw21/liste-deploye.php#test-13-16-4', NULL, NULL, NULL, 3),
(304, 'AW21-13171', 'Dans chaque page Web, chaque contenu en mouvement, déclenché automatiquement, vérifie-t-il une de ces conditions ?\n* La durée du mouvement est inférieure ou égale à 5 secondes\n* L''utilisateur peut arrêter et relancer le mouvement\n* L''utilisateur peut affi', '13.17.1', 304, 'http://www.braillenet.org/accessibilite/referentiel-aw21/liste-deploye.php#test-13-17-1', NULL, NULL, NULL, 3),
(305, 'AW21-13172', 'Dans chaque page Web, chaque contenu clignotant, déclenché automatiquement, vérifie-t-il une de ces conditions ?\n* La durée du clignotement est inférieure ou égale à 5 secondes\n* L''utilisateur peut arrêter et relancer le clignotement\n* L''utilisateur peut ', '13.17.2', 305, 'http://www.braillenet.org/accessibilite/referentiel-aw21/liste-deploye.php#test-13-17-2', NULL, NULL, NULL, 3);

/* Criteria */
INSERT IGNORE INTO `reference_test` (`ID_REFERENCE_TEST`, `CD_REFERENCE_TEST`, `DESCRIPTION`, `LABEL`, `RANK`, `URL`, `ID_REFERENCE_LEVEL`, `ID_REFERENCE`, `ID_REFERENCE_INFO`, `ID_REFERENCE_DEPTH`) VALUES
(306, 'AW21-0101', 'Chaque image a-t-elle une alternative textuelle ?', '1.1', 306, 'http://www.braillenet.org/accessibilite/referentiel-aw21/index.php#crit-1-1 ', 1, 1, 1, 2),
(307, 'AW21-0102', 'Pour chaque image de décoration ayant une alternative textuelle,  cette alternative est-elle vide ?', '1.2', 307, 'http://www.braillenet.org/accessibilite/referentiel-aw21/index.php#crit-1-2', 1, 1, 1, 2),
(308, 'AW21-0103', 'Pour chaque image porteuse d''information ayant une alternative textuelle,  cette alternative est-elle pertinente (hors cas particuliers) ?', '1.3', 308, 'http://www.braillenet.org/accessibilite/referentiel-aw21/index.php#crit-1-3 ', 1, 1, 1, 2),
(309, 'AW21-0104', 'Pour chaque image utilisée comme CAPTCHA ou comme image-test,  ayant une alternative textuelle,  cette alternative permet-elle d''identifier la nature et la fonction de l''image ?', '1.4', 309, 'http://www.braillenet.org/accessibilite/referentiel-aw21/index.php#crit-1-4 ', 1, 1, 1, 2),
(310, 'AW21-0105', 'Pour chaque image utilisée comme CAPTCHA,  une solution d''accès alternatif au contenu ou à la fonction du CAPTCHA est-elle présente ?', '1.5', 310, 'http://www.braillenet.org/accessibilite/referentiel-aw21/index.php#crit-1-5 ', 1, 1, 1, 2),
(311, 'AW21-0106', 'Chaque image porteuse d''information a-t-elle,  si nécessaire,  une description détaillée ?', '1.6', 311, 'http://www.braillenet.org/accessibilite/referentiel-aw21/index.php#crit-1-6 ', 1, 1, 1, 2),
(312, 'AW21-0107', 'Pour chaque image porteuse d''information ayant une description détaillée,  cette description est-elle pertinente ?', '1.7', 312, 'http://www.braillenet.org/accessibilite/referentiel-aw21/index.php#crit-1-7 ', 1, 1, 1, 2),
(313, 'AW21-0108', 'Chaque image texte,  en l''absence d''un mécanisme de remplacement,  doit si possible être remplacée par du texte stylé. Cette règle est-elle respectée (hors cas particuliers) ?', '1.8', 313, 'http://www.braillenet.org/accessibilite/referentiel-aw21/index.php#crit-1-8 ', 2, 1, 1, 2),
(314, 'AW21-0109', 'Chaque image texte doit si possible être remplacée par du texte stylé. Cette règle est-elle respectée ?', '1.9', 314, 'http://www.braillenet.org/accessibilite/referentiel-aw21/index.php#crit-1-9 ', 3, 1, 1, 2),
(315, 'AW21-0201', 'Chaque cadre et chaque cadre en ligne a-t-il un titre de cadre ?', '2.1', 315, 'http://www.braillenet.org/accessibilite/referentiel-aw21/index.php#crit-2-1 ', 1, 1, 2, 2),
(316, 'AW21-0202', 'Pour chaque cadre et chaque cadre en ligne ayant un titre de cadre,  ce titre de cadre est-il pertinent ?', '2.2', 316, 'http://www.braillenet.org/accessibilite/referentiel-aw21/index.php#crit-2-2 ', 1, 1, 2, 2),
(317, 'AW21-0301', 'Dans chaque page Web,  l'' information ne doit pas être donnée uniquement par la couleur. Cette règle est-elle respectée ?', '3.1', 317, 'http://www.braillenet.org/accessibilite/referentiel-aw21/index.php#crit-3-1 ', 1, 1, 3, 2),
(318, 'AW21-0302', 'Dans chaque page Web,  l'' information ne doit pas être donnée uniquement par la couleur. Cette règle est-elle implémentée de façon pertinente ?', '3.2', 318, 'http://www.braillenet.org/accessibilite/referentiel-aw21/index.php#crit-3-2 ', 1, 1, 3, 2),
(319, 'AW21-0303', 'Dans chaque page Web,  le contraste entre la couleur du texte et la couleur de son arrière-plan est-il suffisamment élevé (hors cas particuliers) ?', '3.3', 319, 'http://www.braillenet.org/accessibilite/referentiel-aw21/index.php#crit-3-3 ', 2, 1, 3, 2),
(320, 'AW21-0304', 'Dans chaque page Web,  le contraste entre la couleur du texte et la couleur de son arrière-plan est-il amélioré (hors cas particuliers) ?', '3.4', 320, 'http://www.braillenet.org/accessibilite/referentiel-aw21/index.php#crit-3-4 ', 3, 1, 3, 2),
(321, 'AW21-0401', 'Chaque média temporel pré-enregistré a-t-il,  si nécessaire,  une transcription textuelle ou une audio-description (hors cas particuliers) ?', '4.1', 321, 'http://www.braillenet.org/accessibilite/referentiel-aw21/index.php#crit-4-1 ', 1, 1, 4, 2),
(322, 'AW21-0402', 'Pour chaque média temporel pré-enregistré ayant une transcription textuelle ou une audio-description synchronisée,  celles-ci sont-elles pertinentes (hors cas particuliers) ?', '4.2', 322, 'http://www.braillenet.org/accessibilite/referentiel-aw21/index.php#crit-4-2 ', 1, 1, 4, 2),
(323, 'AW21-0403', 'Chaque média temporel synchronisé pré-enregistré a-t-il,  si nécessaire,  des sous-titres synchronisés (hors cas particuliers) ?', '4.3', 323, 'http://www.braillenet.org/accessibilite/referentiel-aw21/index.php#crit-4-3 ', 1, 1, 4, 2),
(324, 'AW21-0404', 'Pour chaque média temporel synchronisé pré-enregistré ayant des sous-titres synchronisés,  ces sous-titres sont-ils pertinents ?', '4.4', 324, 'http://www.braillenet.org/accessibilite/referentiel-aw21/index.php#crit-4-4 ', 1, 1, 4, 2),
(325, 'AW21-0405', 'Chaque média temporel en direct a-t-il,  si nécessaire,  des sous-titres synchronisés ou une transcription textuelle (hors cas particuliers) ?', '4.5', 325, 'http://www.braillenet.org/accessibilite/referentiel-aw21/index.php#crit-4-5 ', 2, 1, 4, 2),
(326, 'AW21-0406', 'Pour chaque média temporel en direct ayant des sous-titres synchronisés ou une transcription textuelle,  ceux-ci sont-ils pertinents ?', '4.6', 326, 'http://www.braillenet.org/accessibilite/referentiel-aw21/index.php#crit-4-6 ', 2, 1, 4, 2),
(327, 'AW21-0407', 'Chaque média temporel synchronisé pré-enregistré a-t-il,  si nécessaire,  une audio-description synchronisée ?', '4.7', 327, 'http://www.braillenet.org/accessibilite/referentiel-aw21/index.php#crit-4-7 ', 2, 1, 4, 2),
(328, 'AW21-0408', 'Pour chaque média temporel pré-enregistré ayant une audio-description synchronisée,  celle-ci est-elle pertinente ?', '4.8', 328, 'http://www.braillenet.org/accessibilite/referentiel-aw21/index.php#crit-4-8 ', 2, 1, 4, 2),
(329, 'AW21-0409', 'Chaque média temporel pré-enregistré a-t-il,  si nécessaire,  une interprétation en langue des signes (hors cas particuliers) ?', '4.9', 329, 'http://www.braillenet.org/accessibilite/referentiel-aw21/index.php#crit-4-9 ', 3, 1, 4, 2),
(330, 'AW21-0410', 'Pour chaque média temporel pré-enregistré ayant une interprétation en langue des signes,  celle-ci est-elle pertinente ?', '4.10', 330, 'http://www.braillenet.org/accessibilite/referentiel-aw21/index.php#crit-4-10 ', 3, 1, 4, 2),
(331, 'AW21-0411', 'Chaque média temporel pré-enregistré a-t-il,  si nécessaire,  une audio-description étendue synchronisée (hors cas particuliers) ?', '4.11', 331, 'http://www.braillenet.org/accessibilite/referentiel-aw21/index.php#crit-4-11 ', 3, 1, 4, 2),
(332, 'AW21-0412', 'Pour chaque média temporel pré-enregistré ayant une audio-description étendue synchronisée,  celle-ci est-elle pertinente ?', '4.12', 332, 'http://www.braillenet.org/accessibilite/referentiel-aw21/index.php#crit-4-12 ', 3, 1, 4, 2),
(333, 'AW21-0413', 'Chaque média temporel synchronisé ou seulement vidéo a-t-il,  si nécessaire,  une transcription textuelle (hors cas particuliers ) ?', '4.13', 333, 'http://www.braillenet.org/accessibilite/referentiel-aw21/index.php#crit-4-13 ', 3, 1, 4, 2),
(334, 'AW21-0414', 'Pour chaque média temporel synchronisé ou seulement vidéo,  ayant une transcription textuelle,  celle-ci est-elle pertinente ?', '4.14', 334, 'http://www.braillenet.org/accessibilite/referentiel-aw21/index.php#crit-4-14 ', 3, 1, 4, 2),
(335, 'AW21-0415', 'Chaque média temporel est-il clairement identifiable (hors cas particuliers) ?', '4.15', 335, 'http://www.braillenet.org/accessibilite/referentiel-aw21/index.php#crit-4-15 ', 1, 1, 4, 2),
(336, 'AW21-0416', 'Chaque média non temporel a-t-il,  si nécessaire,  une alternative (hors cas particuliers) ?', '4.16', 336, 'http://www.braillenet.org/accessibilite/referentiel-aw21/index.php#crit-4-16 ', 1, 1, 4, 2),
(337, 'AW21-0417', 'Pour chaque média non temporel ayant une alternative,  cette alternative est-elle pertinente ?', '4.17', 337, 'http://www.braillenet.org/accessibilite/referentiel-aw21/index.php#crit-4-17 ', 1, 1, 4, 2),
(338, 'AW21-0418', 'Chaque son déclenché automatiquement est-il contrôlable par l''utilisateur ?', '4.18', 338, 'http://www.braillenet.org/accessibilite/referentiel-aw21/index.php#crit-4-18 ', 1, 1, 4, 2),
(339, 'AW21-0419', 'Pour chaque média temporel seulement audio pré-enregistré,  les dialogues sont-ils suffisamment audibles ?', '4.19', 339, 'http://www.braillenet.org/accessibilite/referentiel-aw21/index.php#crit-4-19 ', 3, 1, 4, 2),
(340, 'AW21-0420', 'La consultation de chaque média temporel est-elle contrôlable par le clavier et la souris ?', '4.20', 340, 'http://www.braillenet.org/accessibilite/referentiel-aw21/index.php#crit-4-20 ', 1, 1, 4, 2),
(341, 'AW21-0421', 'La consultation de chaque média non temporel est-elle contrôlable par le clavier et la souris ?', '4.21', 341, 'http://www.braillenet.org/accessibilite/referentiel-aw21/index.php#crit-4-21 ', 1, 1, 4, 2),
(342, 'AW21-0422', 'Chaque média temporel et non temporel est-il compatible avec les technologies d''assistance ?', '4.22', 342, 'http://www.braillenet.org/accessibilite/referentiel-aw21/index.php#crit-4-22 ', 1, 1, 4, 2),
(343, 'AW21-0501', 'Chaque tableau de données a-t-il un résumé ?', '5.1', 343, 'http://www.braillenet.org/accessibilite/referentiel-aw21/index.php#crit-5-1 ', 1, 1, 5, 2),
(344, 'AW21-0502', 'Pour chaque tableau ayant un résumé,  celui-ci est-il pertinent ?', '5.2', 344, 'http://www.braillenet.org/accessibilite/referentiel-aw21/index.php#crit-5-2 ', 1, 1, 5, 2),
(345, 'AW21-0503', 'Pour chaque tableau de mise en forme,  le contenu linéarisé reste-t-il compréhensible ?', '5.3', 345, 'http://www.braillenet.org/accessibilite/referentiel-aw21/index.php#crit-5-3 ', 1, 1, 5, 2),
(346, 'AW21-0504', 'Chaque tableau de données a-t-il un titre ?', '5.4', 346, 'http://www.braillenet.org/accessibilite/referentiel-aw21/index.php#crit-5-4 ', 1, 1, 5, 2),
(347, 'AW21-0505', 'Pour chaque tableau de données ayant un titre,  celui-ci est-il pertinent ?', '5.5', 347, 'http://www.braillenet.org/accessibilite/referentiel-aw21/index.php#crit-5-5 ', 1, 1, 5, 2),
(348, 'AW21-0506', 'Pour chaque tableau de données,  chaque en-tête de colonnes et chaque en-tête de lignes sont-ils correctement déclarés ?', '5.6', 348, 'http://www.braillenet.org/accessibilite/referentiel-aw21/index.php#crit-5-6 ', 1, 1, 5, 2),
(349, 'AW21-0507', 'Pour chaque tableau de données,  la technique appropriée permettant d''associer chaque cellule avec ses en-têtes est-elle utilisée ?', '5.7', 349, 'http://www.braillenet.org/accessibilite/referentiel-aw21/index.php#crit-5-7 ', 1, 1, 5, 2),
(350, 'AW21-0508', 'Chaque tableau de mise en forme ne doit pas utiliser d''éléments propres aux tableaux de données. Cette règle est-elle respectée ?', '5.8', 350, 'http://www.braillenet.org/accessibilite/referentiel-aw21/index.php#crit-5-8 ', 1, 1, 5, 2),
(351, 'AW21-0601', 'Chaque lien est-il explicite (hors cas particuliers ) ?', '6.1', 351, 'http://www.braillenet.org/accessibilite/referentiel-aw21/index.php#crit-6-1 ', 1, 1, 6, 2),
(352, 'AW21-0602', 'Pour chaque lien ayant un titre de lien,  celui-ci est-il pertinent ?', '6.2', 352, 'http://www.braillenet.org/accessibilite/referentiel-aw21/index.php#crit-6-2 ', 1, 1, 6, 2),
(353, 'AW21-0603', 'Chaque intitulé de lien seul est-il explicite hors contexte (hors cas particuliers) ?', '6.3', 353, 'http://www.braillenet.org/accessibilite/referentiel-aw21/index.php#crit-6-3 ', 3, 1, 6, 2),
(354, 'AW21-0604', 'Chaque lien identique a-t-il les mêmes fonction et destination ?', '6.4', 354, 'http://www.braillenet.org/accessibilite/referentiel-aw21/index.php#crit-6-4 ', 1, 1, 6, 2),
(355, 'AW21-0605', 'Chaque zone cliquable d''une image réactive côté serveur est-elle doublée d''un lien dans la page ?', '6.5', 355, 'http://www.braillenet.org/accessibilite/referentiel-aw21/index.php#crit-6-5 ', 1, 1, 6, 2),
(356, 'AW21-0606', 'Dans chaque page Web,  chaque lien,  à l''exception des ancres nommées,  a-t-il un intitulé ?', '6.6', 356, 'http://www.braillenet.org/accessibilite/referentiel-aw21/index.php#crit-6-6 ', 1, 1, 6, 2),
(357, 'AW21-0701', 'Chaque script a-t-il,  si nécessaire,  une alternative (hors cas particuliers) ?', '7.1', 357, 'http://www.braillenet.org/accessibilite/referentiel-aw21/index.php#crit-7-1 ', 1, 1, 7, 2),
(358, 'AW21-0702', 'Pour chaque script ayant une alternative,  cette alternative est-elle pertinente ?', '7.2', 358, 'http://www.braillenet.org/accessibilite/referentiel-aw21/index.php#crit-7-2 ', 1, 1, 7, 2),
(359, 'AW21-0703', 'Chaque script est-il contrôlable par le clavier et la souris (hors cas particuliers) ?', '7.3', 359, 'http://www.braillenet.org/accessibilite/referentiel-aw21/index.php#crit-7-3 ', 1, 1, 7, 2),
(360, 'AW21-0704', 'Chaque script est-il,  si nécessaire,  compatible avec les technologies d''assistance ?', '7.4', 360, 'http://www.braillenet.org/accessibilite/referentiel-aw21/index.php#crit-7-4 ', 1, 1, 7, 2),
(361, 'AW21-0705', 'Pour chaque script qui initie un changement de contexte,  l''utilisateur est-il averti ou en a-t-il le contrôle ?', '7.5', 361, 'http://www.braillenet.org/accessibilite/referentiel-aw21/index.php#crit-7-5 ', 1, 1, 7, 2),
(362, 'AW21-0706', 'Chaque script qui provoque une alerte non sollicitée est-il contrôlable par l''utilisateur (hors cas particuliers ) ?', '7.6', 362, 'http://www.braillenet.org/accessibilite/referentiel-aw21/index.php#crit-7-6 ', 3, 1, 7, 2),
(363, 'AW21-0801', 'Chaque page Web est-elle définie par un type de document ?', '8.1', 363, 'http://www.braillenet.org/accessibilite/referentiel-aw21/index.php#crit-8-1 ', 1, 1, 8, 2),
(364, 'AW21-0802', 'Pour chaque page Web,  le code source est-il valide selon le type de document spécifié ?', '8.2', 364, 'http://www.braillenet.org/accessibilite/referentiel-aw21/index.php#crit-8-2 ', 1, 1, 8, 2),
(365, 'AW21-0803', 'Dans chaque page Web,  la langue par défaut est-elle présente ?', '8.3', 365, 'http://www.braillenet.org/accessibilite/referentiel-aw21/index.php#crit-8-3 ', 1, 1, 8, 2),
(366, 'AW21-0804', 'Pour chaque page Web ayant une langue par défaut,  le code de langue est-il pertinent ?', '8.4', 366, 'http://www.braillenet.org/accessibilite/referentiel-aw21/index.php#crit-8-4 ', 1, 1, 8, 2),
(367, 'AW21-0805', 'Chaque page Web a-t-elle un titre de page ?', '8.5', 367, 'http://www.braillenet.org/accessibilite/referentiel-aw21/index.php#crit-8-5 ', 1, 1, 8, 2),
(368, 'AW21-0806', 'Pour chaque page Web ayant un titre de page,  ce titre est-il pertinent ?', '8.6', 368, 'http://www.braillenet.org/accessibilite/referentiel-aw21/index.php#crit-8-6 ', 1, 1, 8, 2),
(369, 'AW21-0807', 'Dans chaque page Web,  chaque changement de langue est-il indiqué dans le code source (hors cas particuliers) ?', '8.7', 369, 'http://www.braillenet.org/accessibilite/referentiel-aw21/index.php#crit-8-7 ', 2, 1, 8, 2),
(370, 'AW21-0808', 'Dans chaque page Web,  chaque changement de langue est-il pertinent ?', '8.8', 370, 'http://www.braillenet.org/accessibilite/referentiel-aw21/index.php#crit-8-8 ', 2, 1, 8, 2),
(371, 'AW21-0809', 'Dans chaque page Web,  les balises ne doivent pas être utilisées uniquement à des fins de présentation. Cette règle est-elle respectée ?', '8.9', 371, 'http://www.braillenet.org/accessibilite/referentiel-aw21/index.php#crit-8-9 ', 1, 1, 8, 2),
(372, 'AW21-0810', 'Dans chaque page Web,  les changements du sens de lecture sont-ils signalés ?', '8.10', 372, 'http://www.braillenet.org/accessibilite/referentiel-aw21/index.php#crit-8-10 ', 1, 1, 8, 2),
(373, 'AW21-0901', 'Dans chaque page Web,  l''information est-elle structurée par l''utilisation appropriée de titres ?', '9.1', 373, 'http://www.braillenet.org/accessibilite/referentiel-aw21/index.php#crit-9-1 ', 1, 1, 9, 2),
(374, 'AW21-0902', 'Dans chaque page Web,  chaque liste est-elle structurée avec les balises appropriées ?', '9.2', 374, 'http://www.braillenet.org/accessibilite/referentiel-aw21/index.php#crit-9-2 ', 1, 1, 9, 2),
(375, 'AW21-0903', 'Dans chaque page Web,  la première occurrence de chaque abréviation permet-elle d''en connaître la signification ?', '9.3', 375, 'http://www.braillenet.org/accessibilite/referentiel-aw21/index.php#crit-9-3 ', 3, 1, 9, 2),
(376, 'AW21-0904', 'Dans chaque page Web,  la signification de chaque abréviation est-elle pertinente ?', '9.4', 376, 'http://www.braillenet.org/accessibilite/referentiel-aw21/index.php#crit-9-4 ', 3, 1, 9, 2),
(377, 'AW21-0905', 'Dans chaque page Web,  chaque citation est-elle correctement indiquée ?', '9.5', 377, 'http://www.braillenet.org/accessibilite/referentiel-aw21/index.php#crit-9-5 ', 1, 1, 9, 2),
(378, 'AW21-1001', 'Dans le site Web,  des feuilles de styles sont-elles utilisées pour contrôler la présentation de l''information ?', '10.1', 378, 'http://www.braillenet.org/accessibilite/referentiel-aw21/index.php#crit-10-1 ', 1, 1, 10, 2),
(379, 'AW21-1002', 'Dans chaque page Web,  le contenu visible reste-t-il présent lorsque les feuilles de styles ou les images sont désactivées ?', '10.2', 379, 'http://www.braillenet.org/accessibilite/referentiel-aw21/index.php#crit-10-2 ', 1, 1, 10, 2),
(380, 'AW21-1003', 'Dans chaque page Web,  l''information reste-t-elle compréhensible lorsque les feuilles de styles sont désactivées ?', '10.3', 380, 'http://www.braillenet.org/accessibilite/referentiel-aw21/index.php#crit-10-3 ', 1, 1, 10, 2),
(381, 'AW21-1004', 'Dans chaque page Web,  le texte reste-t-il lisible lorsque la taille des caractères est augmentée jusqu''à 200%,  au moins ?', '10.4', 381, 'http://www.braillenet.org/accessibilite/referentiel-aw21/index.php#crit-10-4 ', 2, 1, 10, 2),
(382, 'AW21-1005', 'Dans chaque page Web,  les déclarations CSS de couleurs de fond d''élément et de police sont-elles correctement utilisées?', '10.5', 382, 'http://www.braillenet.org/accessibilite/referentiel-aw21/index.php#crit-10-5 ', 2, 1, 10, 2),
(383, 'AW21-1006', 'Dans chaque page Web,  chaque lien dont la nature n''est pas évidente est-il visible par rapport au texte environnant ?', '10.6', 383, 'http://www.braillenet.org/accessibilite/referentiel-aw21/index.php#crit-10-6 ', 1, 1, 10, 2),
(384, 'AW21-1007', 'Dans chaque page Web,  pour chaque élément recevant le focus,  la prise de focus est-elle visible ?', '10.7', 384, 'http://www.braillenet.org/accessibilite/referentiel-aw21/index.php#crit-10-7 ', 1, 1, 10, 2),
(385, 'AW21-1008', 'Dans chaque page Web,  le choix de la couleur de fond et de police du texte est-elle contrôlable par l''utilisateur ?', '10.8', 385, 'http://www.braillenet.org/accessibilite/referentiel-aw21/index.php#crit-10-8 ', 3, 1, 10, 2),
(386, 'AW21-1009', 'Pour chaque page Web,  le texte ne doit pas être justifié. Cette règle est-elle respectée ?', '10.9', 386, 'http://www.braillenet.org/accessibilite/referentiel-aw21/index.php#crit-10-9 ', 3, 1, 10, 2),
(387, 'AW21-1010', 'Pour chaque page Web,  en affichage plein écran et avec une taille de police à 200%,  chaque bloc de texte reste-t-il lisible sans l''utilisation de la barre de défilement horizontal ?', '10.10', 387, 'http://www.braillenet.org/accessibilite/referentiel-aw21/index.php#crit-10-10 ', 3, 1, 10, 2),
(388, 'AW21-1011', 'Pour chaque page Web,  les blocs de texte ont-ils une largeur inférieure ou égale à 80 caractères (hors cas particuliers) ?', '10.11', 388, 'http://www.braillenet.org/accessibilite/referentiel-aw21/index.php#crit-10-11 ', 3, 1, 10, 2),
(389, 'AW21-1012', 'Pour chaque page Web,  l''espace entre les lignes et les paragraphes est-il suffisant ?', '10.12', 389, 'http://www.braillenet.org/accessibilite/referentiel-aw21/index.php#crit-10-12 ', 3, 1, 10, 2),
(390, 'AW21-1013', 'Pour chaque page Web,  les textes cachés sont-t-ils correctement restitués par les technologies d''assistance ?', '10.13', 390, 'http://www.braillenet.org/accessibilite/referentiel-aw21/index.php#crit-10-13 ', 1, 1, 10, 2),
(391, 'AW21-1014', 'Dans chaque page Web,  l''information ne doit pas être donnée uniquement par la forme ou la position. Cette règle est-elle respectée ?', '10.14', 391, 'http://www.braillenet.org/accessibilite/referentiel-aw21/index.php#crit-10-14 ', 1, 1, 10, 2),
(392, 'AW21-1015', 'Dans chaque page Web,  l''information ne doit pas être donnée par la forme ou la position uniquement. Cette règle est-elle implémentée de façon pertinente ?', '10.15', 392, 'http://www.braillenet.org/accessibilite/referentiel-aw21/index.php#crit-10-15 ', 1, 1, 10, 2),
(393, 'AW21-1101', 'Chaque champ de formulaire a-t-il une étiquette ?', '11.1', 393, 'http://www.braillenet.org/accessibilite/referentiel-aw21/index.php#crit-11-1 ', 1, 1, 11, 2),
(394, 'AW21-1102', 'Chaque étiquette associée à un champ de formulaire est-elle pertinente ?', '11.2', 394, 'http://www.braillenet.org/accessibilite/referentiel-aw21/index.php#crit-11-2 ', 1, 1, 11, 2),
(395, 'AW21-1103', 'Dans chaque formulaire,  chaque étiquette associée à un champ de formulaire ayant la même fonction et répétés plusieurs fois dans une même page ou dans un ensemble de page est-elle cohérente ?', '11.3', 395, 'http://www.braillenet.org/accessibilite/referentiel-aw21/index.php#crit-11-3 ', 2, 1, 11, 2),
(396, 'AW21-1104', 'Dans chaque formulaire,  chaque étiquette de champ et son champ associé sont-ils accolés ?', '11.4', 396, 'http://www.braillenet.org/accessibilite/referentiel-aw21/index.php#crit-11-4 ', 1, 1, 11, 2),
(397, 'AW21-1105', 'Dans chaque formulaire,  les informations de même nature sont-elles regroupées,  si nécessaire ?', '11.5', 397, 'http://www.braillenet.org/accessibilite/referentiel-aw21/index.php#crit-11-5 ', 1, 1, 11, 2),
(398, 'AW21-1106', 'Dans chaque formulaire,  chaque regroupement de champs de formulaire a-t-il une légende ?', '11.6', 398, 'http://www.braillenet.org/accessibilite/referentiel-aw21/index.php#crit-11-6 ', 1, 1, 11, 2),
(399, 'AW21-1107', 'Dans chaque formulaire,  chaque légende associée à un groupement de champs de formulaire est-elle pertinente ?', '11.7', 399, 'http://www.braillenet.org/accessibilite/referentiel-aw21/index.php#crit-11-7 ', 1, 1, 11, 2),
(400, 'AW21-1108', 'Dans chaque formulaire,  chaque liste de choix est-elle structurée de manière pertinente ?', '11.8', 400, 'http://www.braillenet.org/accessibilite/referentiel-aw21/index.php#crit-11-8 ', 1, 1, 11, 2),
(401, 'AW21-1109', 'Dans chaque formulaire,  l''intitulé de chaque bouton est-il pertinent ?', '11.9', 401, 'http://www.braillenet.org/accessibilite/referentiel-aw21/index.php#crit-11-9 ', 1, 1, 11, 2),
(402, 'AW21-1110', 'Dans chaque formulaire,  le contrôle de saisie est-il utilisé de manière pertinente ?', '11.10', 402, 'http://www.braillenet.org/accessibilite/referentiel-aw21/index.php#crit-11-10 ', 1, 1, 11, 2),
(403, 'AW21-1111', 'Dans chaque formulaire,  le contrôle de saisie est-il accompagné,  si possible,  de suggestions facilitant la correction des erreurs de saisie ?', '11.11', 403, 'http://www.braillenet.org/accessibilite/referentiel-aw21/index.php#crit-11-11 ', 2, 1, 11, 2),
(404, 'AW21-1112', 'Pour chaque formulaire,  les données à caractère financier,  juridique ou personnel peuvent-elles être modifiées,  mise à jour ou récupérées par l''utilisateur ?', '11.12', 404, 'http://www.braillenet.org/accessibilite/referentiel-aw21/index.php#crit-11-12 ', 2, 1, 11, 2),
(405, 'AW21-1113', 'Pour chaque formulaire,  toutes les données peuvent-elles être modifiées,  mises à jour ou récupérées par l''utilisateur ?', '11.13', 405, 'http://www.braillenet.org/accessibilite/referentiel-aw21/index.php#crit-11-13 ', 3, 1, 11, 2),
(406, 'AW21-1114', 'Pour chaque formulaire,  des aides à la saisie sont-elles présentes ?', '11.14', 406, 'http://www.braillenet.org/accessibilite/referentiel-aw21/index.php#crit-11-14 ', 3, 1, 11, 2),
(407, 'AW21-1115', 'Pour chaque formulaire,  chaque aide à la saisie est-elle pertinente ?', '11.15', 407, 'http://www.braillenet.org/accessibilite/referentiel-aw21/index.php#crit-11-15 ', 3, 1, 11, 2),
(408, 'AW21-1201', 'Chaque ensemble de pages dispose-t-il de deux systèmes de navigation différents,  au moins (hors cas particuliers) ?', '12.1', 408, 'http://www.braillenet.org/accessibilite/referentiel-aw21/index.php#crit-12-1 ', 2, 1, 12, 2),
(409, 'AW21-1202', 'Dans chaque ensemble de pages,  le menu ou les barres de navigation sont-ils toujours à la même place (hors cas particuliers) ?', '12.2', 409, 'http://www.braillenet.org/accessibilite/referentiel-aw21/index.php#crit-12-2 ', 2, 1, 12, 2),
(410, 'AW21-1203', 'Dans chaque ensemble de pages,  le menu et les barres de navigation ont-ils une présentation cohérente (hors cas particuliers) ?', '12.3', 410, 'http://www.braillenet.org/accessibilite/referentiel-aw21/index.php#crit-12-3 ', 2, 1, 12, 2),
(411, 'AW21-1204', 'La page "plan du site" est-elle pertinente ?', '12.4', 411, 'http://www.braillenet.org/accessibilite/referentiel-aw21/index.php#crit-12-4 ', 2, 1, 12, 2),
(412, 'AW21-1205', 'Dans chaque ensemble de pages,  la page "plan du site" est-elle atteignable de manière identique ?', '12.5', 412, 'http://www.braillenet.org/accessibilite/referentiel-aw21/index.php#crit-12-5 ', 2, 1, 12, 2),
(413, 'AW21-1206', 'Dans chaque ensemble de pages,  le moteur de recherche est-il atteignable de manière identique ?', '12.6', 413, 'http://www.braillenet.org/accessibilite/referentiel-aw21/index.php#crit-12-6 ', 2, 1, 12, 2),
(414, 'AW21-1207', 'Dans chaque page d''une collection de pages,  des liens facilitant la navigation sont-ils présents ?', '12.7', 414, 'http://www.braillenet.org/accessibilite/referentiel-aw21/index.php#crit-12-7 ', 2, 1, 12, 2),
(415, 'AW21-1208', 'Dans chaque page web,  un fil d''Ariane est-il présent ?', '12.8', 415, 'http://www.braillenet.org/accessibilite/referentiel-aw21/index.php#crit-12-8 ', 3, 1, 12, 2),
(416, 'AW21-1209', 'Dans chaque page Web,  le fil d''Ariane est-il pertinent ?', '12.9', 416, 'http://www.braillenet.org/accessibilite/referentiel-aw21/index.php#crit-12-9 ', 3, 1, 12, 2),
(417, 'AW21-1210', 'Dans chaque page Web,  les groupes de liens importants (menu,  barre de navigation...) et la zone de contenu sont-ils identifiés ?', '12.10', 417, 'http://www.braillenet.org/accessibilite/referentiel-aw21/index.php#crit-12-10 ', 1, 1, 12, 2),
(418, 'AW21-1211', 'Dans chaque page Web,  des liens d''évitements ou d''accès rapide aux groupes de liens importants et à la zone de contenu sont-ils présents ?', '12.11', 418, 'http://www.braillenet.org/accessibilite/referentiel-aw21/index.php#crit-12-11 ', 1, 1, 12, 2),
(419, 'AW21-1212', 'Dans chaque page Web,  la page en cours de consultation est-elle indiquée dans le menu de navigation ?', '12.12', 419, 'http://www.braillenet.org/accessibilite/referentiel-aw21/index.php#crit-12-12 ', 3, 1, 12, 2),
(420, 'AW21-1213', 'Dans chaque page Web,  l''ordre de tabulation est-il cohérent ?', '12.13', 420, 'http://www.braillenet.org/accessibilite/referentiel-aw21/index.php#crit-12-13 ', 1, 1, 12, 2),
(421, 'AW21-1214', 'Dans chaque page Web,  la navigation ne doit pas contenir de piège au clavier. Cette règle est-elle respectée ?', '12.14', 421, 'http://www.braillenet.org/accessibilite/referentiel-aw21/index.php#crit-12-14 ', 1, 1, 12, 2),
(422, 'AW21-1301', 'Pour chaque page Web,  l''utilisateur a-t-il le contrôle de chaque limite de temps modifiant le contenu (hors cas particuliers) ?', '13.1', 422, 'http://www.braillenet.org/accessibilite/referentiel-aw21/index.php#crit-13-1 ', 1, 1, 13, 2),
(423, 'AW21-1302', 'Dans chaque page Web,  pour chaque ouverture de nouvelle fenêtre,  l''utilisateur est-il averti ?', '13.2', 423, 'http://www.braillenet.org/accessibilite/referentiel-aw21/index.php#crit-13-2 ', 1, 1, 13, 2),
(424, 'AW21-1303', 'Dans chaque page Web,  l''ouverture d''une nouvelle fenêtre ne doit pas être déclenchée sans action de l''utilisateur. Cette règle est-elle respectée ?', '13.3', 424, 'http://www.braillenet.org/accessibilite/referentiel-aw21/index.php#crit-13-3 ', 1, 1, 13, 2),
(425, 'AW21-1304', 'Dans chaque page Web,  une tâche ne doit pas requérir de limite de temps pour être réalisée,  sauf si elle se déroule en temps réel ou si cette limite de temps est essentielle. Cette règle est-elle respectée ?', '13.4', 425, 'http://www.braillenet.org/accessibilite/referentiel-aw21/index.php#crit-13-4 ', 3, 1, 13, 2),
(426, 'AW21-1305', 'Dans chaque page Web,  lors d''une interruption de session authentifiée,  les données saisies par l''utilisateur sont-elles récupérées après ré-authentification ?', '13.5', 426, 'http://www.braillenet.org/accessibilite/referentiel-aw21/index.php#crit-13-5 ', 3, 1, 13, 2),
(427, 'AW21-1306', 'Dans chaque page Web,  pour chaque fichier en téléchargement,  des informations relatives à sa consultation sont-elles présentes ?', '13.6', 427, 'http://www.braillenet.org/accessibilite/referentiel-aw21/index.php#crit-13-6 ', 1, 1, 13, 2),
(428, 'AW21-1307', 'Dans chaque page Web,  chaque document bureautique en téléchargement possède-t-il,  si nécessaire,  une version accessible (hors cas particuliers) ?', '13.7', 428, 'http://www.braillenet.org/accessibilite/referentiel-aw21/index.php#crit-13-7 ', 1, 1, 13, 2),
(429, 'AW21-1308', 'Pour chaque document bureautique ayant une version accessible,  cette version offre-t-elle la même information ?', '13.8', 429, 'http://www.braillenet.org/accessibilite/referentiel-aw21/index.php#crit-13-8 ', 1, 1, 13, 2),
(430, 'AW21-1309', 'Dans chaque page Web,  les expressions inhabituelles,  les expressions idiomatiques ou le jargon sont-ils explicités ?', '13.9', 430, 'http://www.braillenet.org/accessibilite/referentiel-aw21/index.php#crit-13-9 ', 3, 1, 13, 2),
(431, 'AW21-1310', 'Dans chaque page Web,  pour chaque expression inhabituelle ou limitée,  idiomatique ou de jargon ayant une définition,  cette définition est-elle pertinente ?', '13.10', 431, 'http://www.braillenet.org/accessibilite/referentiel-aw21/index.php#crit-13-10 ', 3, 1, 13, 2),
(432, 'AW21-1311', 'Dans chaque page Web,  chaque contenu cryptique (art ascii,  émoticon,  syntaxe cryptique) a-t-il une alternative ?', '13.11', 432, 'http://www.braillenet.org/accessibilite/referentiel-aw21/index.php#crit-13-11 ', 1, 1, 13, 2),
(433, 'AW21-1312', 'Dans chaque page Web,  pour chaque contenu cryptique (art ascii,  émoticon,  syntaxe cryptique) ayant une alternative,  cette alternative est-elle pertinente ?', '13.12', 433, 'http://www.braillenet.org/accessibilite/referentiel-aw21/index.php#crit-13-12 ', 1, 1, 13, 2),
(434, 'AW21-1313', 'Dans chaque page Web,  pour chaque mot dont le sens ne peut être compris sans en connaître la prononciation,  celle-ci est-elle indiquée ?', '13.13', 434, 'http://www.braillenet.org/accessibilite/referentiel-aw21/index.php#crit-13-13 ', 3, 1, 13, 2),
(435, 'AW21-1314', 'Dans chaque page Web,  chaque texte qui nécessite un niveau de lecture plus avancé que le premier cycle de l''enseignement secondaire a-t-il une version alternative ?', '13.14', 435, 'http://www.braillenet.org/accessibilite/referentiel-aw21/index.php#crit-13-14 ', 3, 1, 13, 2),
(436, 'AW21-1315', 'Dans chaque page Web,  les changements brusques de luminosité ou les effets de flash sont-ils correctement utilisés ?', '13.15', 436, 'http://www.braillenet.org/accessibilite/referentiel-aw21/index.php#crit-13-15 ', 1, 1, 13, 2),
(437, 'AW21-1316', 'Dans chaque page Web,  les changements brusques de luminosité ou les effets de flash ont-ils une fréquence inférieure ou égale à 3 par seconde ?', '13.16', 437, 'http://www.braillenet.org/accessibilite/referentiel-aw21/index.php#crit-13-16 ', 3, 1, 13, 2),
(438, 'AW21-1317', 'Dans chaque page Web,  chaque contenu en mouvement ou clignotant est-il contrôlable par l''utilisateur ?', '13.17', 438, 'http://www.braillenet.org/accessibilite/referentiel-aw21/index.php#crit-13-17 ', 1, 1, 13, 2);

--
-- Content of table reference_test_reference_test
--
INSERT IGNORE INTO `reference_test_reference_test` (`ID_REFERENCE_TEST_1`, `ID_REFERENCE_TEST_2`) VALUES
(1, 306),
(2, 306),
(3, 306),
(4, 306),
(5, 307),
(6, 307),
(7, 307),
(8, 307),
(9, 307),
(10, 308),
(11, 308),
(12, 308),
(13, 308),
(14, 308),
(15, 308),
(16, 308),
(17, 309),
(18, 309),
(19, 309),
(20, 309),
(21, 309),
(22, 309),
(23, 310),
(24, 310),
(25, 311),
(26, 311),
(27, 311),
(28, 311),
(29, 311),
(30, 312),
(31, 312),
(32, 312),
(33, 312),
(34, 313),
(35, 313),
(36, 313),
(37, 313),
(38, 313),
(39, 313),
(40, 314),
(41, 314),
(42, 314),
(43, 314),
(44, 314),
(45, 314),
(46, 315),
(47, 315),
(48, 316),
(49, 316),
(50, 317),
(51, 317),
(52, 317),
(53, 317),
(54, 317),
(55, 317),
(56, 318),
(57, 318),
(58, 318),
(59, 318),
(60, 318),
(61, 318),
(62, 319),
(63, 319),
(64, 319),
(65, 319),
(66, 320),
(67, 320),
(68, 320),
(69, 320),
(70, 321),
(71, 321),
(72, 321),
(73, 321),
(74, 322),
(75, 322),
(76, 322),
(77, 323),
(78, 324),
(79, 325),
(80, 325),
(81, 325),
(82, 326),
(83, 326),
(84, 327),
(85, 328),
(86, 328),
(87, 329),
(88, 329),
(89, 330),
(90, 330),
(91, 331),
(92, 331),
(93, 332),
(94, 332),
(95, 333),
(96, 333),
(97, 333),
(98, 334),
(99, 334),
(100, 335),
(101, 335),
(102, 336),
(103, 336),
(104, 337),
(105, 338),
(106, 339),
(107, 340),
(108, 340),
(109, 340),
(110, 341),
(111, 341),
(112, 342),
(113, 343),
(114, 344),
(115, 344),
(116, 345),
(117, 346),
(118, 347),
(119, 348),
(120, 348),
(121, 349),
(122, 349),
(123, 349),
(124, 349),
(125, 350),
(126, 351),
(127, 351),
(128, 351),
(129, 351),
(130, 352),
(131, 352),
(132, 352),
(133, 352),
(134, 353),
(135, 353),
(136, 353),
(137, 353),
(138, 354),
(139, 354),
(140, 354),
(141, 354),
(142, 355),
(143, 355),
(144, 355),
(145, 356),
(146, 357),
(147, 357),
(148, 358),
(149, 358),
(150, 359),
(151, 359),
(152, 359),
(153, 360),
(154, 360),
(155, 361),
(156, 362),
(157, 363),
(158, 363),
(159, 363),
(160, 364),
(161, 364),
(162, 365),
(163, 366),
(164, 367),
(165, 368),
(166, 369),
(167, 370),
(168, 370),
(169, 371),
(170, 372),
(171, 373),
(172, 373),
(173, 373),
(174, 373),
(175, 374),
(176, 374),
(177, 374),
(178, 375),
(179, 375),
(180, 376),
(181, 376),
(182, 377),
(183, 377),
(184, 378),
(185, 378),
(186, 378),
(187, 379),
(188, 379),
(189, 379),
(190, 380),
(191, 381),
(192, 381),
(193, 381),
(194, 382),
(195, 382),
(196, 382),
(197, 383),
(198, 384),
(199, 384),
(200, 384),
(201, 385),
(202, 385),
(203, 385),
(204, 385),
(205, 386),
(206, 387),
(207, 388),
(208, 389),
(209, 389),
(210, 390),
(211, 391),
(212, 391),
(213, 391),
(214, 391),
(215, 392),
(216, 392),
(217, 392),
(218, 392),
(219, 393),
(220, 393),
(221, 393),
(222, 394),
(223, 394),
(224, 395),
(225, 395),
(226, 396),
(227, 397),
(228, 398),
(229, 399),
(230, 400),
(231, 400),
(232, 400),
(233, 401),
(234, 402),
(235, 402),
(236, 402),
(237, 403),
(238, 403),
(239, 404),
(240, 404),
(241, 405),
(242, 405),
(243, 406),
(244, 406),
(245, 407),
(246, 408),
(247, 409),
(248, 409),
(249, 410),
(250, 410),
(251, 411),
(252, 411),
(253, 411),
(254, 412),
(255, 412),
(256, 412),
(257, 413),
(258, 413),
(259, 413),
(260, 414),
(261, 415),
(262, 416),
(263, 417),
(264, 417),
(265, 417),
(266, 418),
(267, 418),
(268, 418),
(269, 418),
(270, 419),
(271, 420),
(272, 420),
(273, 421),
(274, 422),
(275, 422),
(276, 422),
(277, 422),
(278, 422),
(279, 423),
(280, 423),
(281, 423),
(282, 424),
(283, 425),
(284, 426),
(285, 427),
(286, 427),
(287, 427),
(288, 428),
(289, 429),
(290, 430),
(291, 431),
(292, 432),
(293, 433),
(294, 434),
(295, 435),
(296, 436),
(297, 436),
(298, 436),
(299, 436),
(300, 437),
(301, 437),
(302, 437),
(303, 437),
(304, 438),
(305, 438);


SET FOREIGN_KEY_CHECKS=1;

