SET foreign_key_checks=0;

--
-- Contenu de la table `level`
--
INSERT IGNORE INTO `level` (`ID_LEVEL`, `CD_LEVEL`, `LABEL`, `DESCRIPTION`, `PRIORITY`) VALUES
(4, 'A', 'Facile', NULL, 13),
(5, 'AA', 'Moyen', NULL, 14),
(6, 'AAA', 'Difficile', NULL, 15);

--
-- Contenu de la table `reference`
--
INSERT IGNORE INTO `reference` (`ID_REFERENCE`, `CD_REFERENCE`, `DESCRIPTION`, `LABEL`, `URL`, `PRIORITY`) VALUES
(2, 'RGAA22', NULL, 'Rgaa 2.2', 'www.references.modernisation.gouv.fr/sites/default/files/RGAA_v2.2.1.pdf', 2);


--
-- Contenu de la table `theme`
--
INSERT IGNORE INTO `theme` (`ID_THEME`, `CD_THEME`, `DESCRIPTION`, `LABEL`, `PRIORITY`) VALUES
(101, 'RGAA22-1', 'http://rgaa.net/-Cadres-.html', 'Cadres', 1),
(102, 'RGAA22-2', 'http://rgaa.net/-Couleurs-.html', 'Couleurs', 2),
(103, 'RGAA22-3', 'http://rgaa.net/-Formulaires-.html', 'Formulaires', 3),
(104, 'RGAA22-4', 'http://rgaa.net/-Images-.html', 'Images', 4),
(105, 'RGAA22-5', 'http://rgaa.net/-Multimedia-.html', 'Multimédia', 5),
(106, 'RGAA22-6', 'http://rgaa.net/-Navigation-.html', 'Navigation', 6),
(107, 'RGAA22-7', 'http://rgaa.net/-Presentation-.html', 'Présentation', 7),
(108, 'RGAA22-8', 'http://rgaa.net/-Scripts-.html', 'Scripts', 8),
(109, 'RGAA22-9', 'http://rgaa.net/-Standards-.html', 'Standards', 9),
(110, 'RGAA22-10', 'http://rgaa.net/-Structure-.html', 'Structure', 10),
(111, 'RGAA22-11', 'http://rgaa.net/-Tableaux-.html', 'Tableaux', 11),
(112, 'RGAA22-12', 'http://rgaa.net/-Textes-.html', 'Textes', 12);

--
-- Contenu de la table `criterion`
--
INSERT INTO `criterion` (`ID_CRITERION`, `CD_CRITERION`, `DESCRIPTION`, `LABEL`, `PRIORITY`, `URL`, `ID_LEVEL`, `ID_REFERENCE`, `ID_THEME`) VALUES
(2001, 'Rgaa22-0101', '', '1.1', 2010101, 'http://rgaa.net/1-1-Absence-de-cadres-non-titres.html', 4, 2, 101),
(2002, 'Rgaa22-0102', '', '1.2', 2010201, 'http://rgaa.net/Pertinence-des-titres-donnes-aux.html', 4, 2, 101),
(2003, 'Rgaa22-0201', '', '2.1', 2020101, 'http://rgaa.net/Presence-d-un-autre-moyen-que-la.html', 4, 2, 102),
(2004, 'Rgaa22-0202', '', '2.2', 2020201, 'http://rgaa.net/Presence-d-un-autre-moyen-que-la,4.html', 4, 2, 102),
(2005, 'Rgaa22-0203', '', '2.3', 2020301, 'http://rgaa.net/Presence-d-un-moyen-de.html', 4, 2, 102),
(2006, 'Rgaa22-0204', '', '2.4', 2020401, 'http://rgaa.net/Presence-d-un-moyen-de,6.html', 4, 2, 102),
(2007, 'Rgaa22-0205', '', '2.5', 2020501, 'http://rgaa.net/Valeur-du-rapport-de-contraste-du.html', 5, 2, 102),
(2008, 'Rgaa22-0206', '', '2.6', 2020601, 'http://rgaa.net/Valeur-du-rapport-de-contraste-du,8.html', 5, 2, 102),
(2009, 'Rgaa22-0207', '', '2.7', 2020701, 'http://rgaa.net/Valeur-du-rapport-de-contraste-du,9.html', 5, 2, 102),
(2010, 'Rgaa22-0208', '', '2.8', 2020801, 'http://rgaa.net/Valeur-du-rapport-de-contraste-du,10.html', 5, 2, 102),
(2011, 'Rgaa22-0209', '', '2.9', 2020901, 'http://rgaa.net/Valeur-du-rapport-de-contraste-du,11.html', 5, 2, 102),
(2012, 'Rgaa22-0210', '', '2.10', 2021001, 'http://rgaa.net/Valeur-du-rapport-de-contraste-du,12.html', 5, 2, 102),
(2013, 'Rgaa22-0211', '', '2.11', 2021101, 'http://rgaa.net/Valeur-du-rapport-de-contraste-du,13.html', 6, 2, 102),
(2014, 'Rgaa22-0212', '', '2.12', 2021201, 'http://rgaa.net/Valeur-du-rapport-de-contraste-du,14.html', 6, 2, 102),
(2015, 'Rgaa22-0213', '', '2.13', 2021301, 'http://rgaa.net/Valeur-du-rapport-de-contraste-du,15.html', 6, 2, 102),
(2016, 'Rgaa22-0214', '', '2.14', 2021401, 'http://rgaa.net/Valeur-du-rapport-de-contraste-du,16.html', 6, 2, 102),
(2017, 'Rgaa22-0215', '', '2.15', 2021501, 'http://rgaa.net/Valeur-du-rapport-de-contraste-du,17.html', 6, 2, 102),
(2018, 'Rgaa22-0216', '', '2.16', 2021601, 'http://rgaa.net/Valeur-du-rapport-de-contraste-du,18.html', 6, 2, 102),
(2019, 'Rgaa22-0301', '', '3.1', 2030101, 'http://rgaa.net/Possibilite-d-identifier-les.html', 4, 2, 103),
(2020, 'Rgaa22-0302', '', '3.2', 2030201, 'http://rgaa.net/Presence-d-information-prealable.html', 4, 2, 103),
(2021, 'Rgaa22-0303', '', '3.3', 2030301, 'http://rgaa.net/Positionnement-correct-des.html', 4, 2, 103),
(2022, 'Rgaa22-0304', '', '3.4', 2030401, 'http://rgaa.net/Regroupement-d-elements-de.html', 4, 2, 103),
(2023, 'Rgaa22-0305', '', '3.5', 2030501, 'http://rgaa.net/Absence-d-element-fieldset-sans.html', 4, 2, 103),
(2024, 'Rgaa22-0306', '', '3.6', 2030601, 'http://rgaa.net/Pertinence-du-contenu-de-l-element.html', 4, 2, 103),
(2025, 'Rgaa22-0307', '', '3.7', 2030701, 'http://rgaa.net/Regroupement-d-elements-option.html', 4, 2, 103),
(2026, 'Rgaa22-0308', '', '3.8', 2030801, 'http://rgaa.net/Presence-d-un-attribut-label-sur-l.html', 4, 2, 103),
(2027, 'Rgaa22-0309', '', '3.9', 2030901, 'http://rgaa.net/Pertinence-du-contenu-de-l.html', 4, 2, 103),
(2028, 'Rgaa22-0310', '', '3.10', 2031001, 'http://rgaa.net/Absence-d-element-de-formulaire.html', 4, 2, 103),
(2029, 'Rgaa22-0311', '', '3.11', 2031101, 'http://rgaa.net/Absence-d-element-de-formulaire,29.html', 4, 2, 103),
(2030, 'Rgaa22-0312', '', '3.12', 2031201, 'http://rgaa.net/Pertinence-des-etiquettes-d.html', 4, 2, 103),
(2031, 'Rgaa22-0313', '', '3.13', 2031301, 'http://rgaa.net/Presence-d-informations-ou-de.html', 5, 2, 103),
(2032, 'Rgaa22-0314', '', '3.14', 2031401, 'http://rgaa.net/Presence-de-mecanismes-permettant.html', 5, 2, 103),
(2033, 'Rgaa22-0315', '', '3.15', 2031501, 'http://rgaa.net/Presence-de-mecanismes-permettant,33.html', 6, 2, 103),
(2034, 'Rgaa22-0316', '', '3.16', 2031601, 'http://rgaa.net/Presence-d-une-page-d-aide-ou-d-un.html', 6, 2, 103),
(2035, 'Rgaa22-0401', '', '4.1', 2040101, 'http://rgaa.net/Presence-de-l-attribut-alt.html', 4, 2, 104),
(2036, 'Rgaa22-0402', '', '4.2', 2040201, 'http://rgaa.net/Pertinence-de-l-alternative.html', 4, 2, 104),
(2037, 'Rgaa22-0403', '', '4.3', 2040301, 'http://rgaa.net/Pertinence-de-l-alternative,37.html', 4, 2, 104),
(2038, 'Rgaa22-0404', '', '4.4', 2040401, 'http://rgaa.net/Pertinence-de-l-alternative,38.html', 4, 2, 104),
(2039, 'Rgaa22-0405', '', '4.5', 2040501, 'http://rgaa.net/Pertinence-de-l-alternative-vide.html', 4, 2, 104),
(2040, 'Rgaa22-0406', '', '4.6', 2040601, 'http://rgaa.net/Longueur-du-contenu-des.html', 4, 2, 104),
(2041, 'Rgaa22-0407', '', '4.7', 2040701, 'http://rgaa.net/Existence-d-une-description-longue.html', 4, 2, 104),
(2042, 'Rgaa22-0408', '', '4.8', 2040801, 'http://rgaa.net/Pertinence-de-la-description.html', 4, 2, 104),
(2043, 'Rgaa22-0409', '', '4.9', 2040901, 'http://rgaa.net/Presence-de-l-attribut-longdesc.html', 4, 2, 104),
(2044, 'Rgaa22-0410', '', '4.10', 2041001, 'http://rgaa.net/Presence-d-une-information-de.html', 4, 2, 104),
(2045, 'Rgaa22-0411', '', '4.11', 2041101, 'http://rgaa.net/Coherence-dans-l-identification.html', 5, 2, 104),
(2046, 'Rgaa22-0501', '', '5.1', 2050101, 'http://rgaa.net/Acces-a-une-information.html', 4, 2, 105),
(2047, 'Rgaa22-0502', '', '5.2', 2050201, 'http://rgaa.net/Presence-de-la-transcription.html', 4, 2, 105),
(2048, 'Rgaa22-0503', '', '5.3', 2050301, 'http://rgaa.net/Pertinence-de-la-transcription.html', 4, 2, 105),
(2049, 'Rgaa22-0504', '', '5.4', 2050401, 'http://rgaa.net/Presence-d-une-description-audio.html', 4, 2, 105),
(2050, 'Rgaa22-0505', '', '5.5', 2050501, 'http://rgaa.net/Pertinence-de-la-description-audio.html', 4, 2, 105),
(2051, 'Rgaa22-0506', '', '5.6', 2050601, 'http://rgaa.net/Possibilite-de-controler-l.html', 4, 2, 105),
(2052, 'Rgaa22-0507', '', '5.7', 2050701, 'http://rgaa.net/Presence-d-une-description-audio,52.html', 6, 2, 105),
(2053, 'Rgaa22-0508', '', '5.8', 2050801, 'http://rgaa.net/Presence-d-une-description-audio,53.html', 5, 2, 105),
(2054, 'Rgaa22-0509', '', '5.9', 2050901, 'http://rgaa.net/Presence-du-sous-titrage.html', 4, 2, 105),
(2055, 'Rgaa22-0510', '', '5.10', 2051001, 'http://rgaa.net/Pertinence-du-sous-titrage.html', 4, 2, 105),
(2056, 'Rgaa22-0511', '', '5.11', 2051101, 'http://rgaa.net/Presence-d-une-alternative-aux.html', 4, 2, 105),
(2057, 'Rgaa22-0512', '', '5.12', 2051201, 'http://rgaa.net/Presence-d-une-alternative-aux,57.html', 4, 2, 105),
(2058, 'Rgaa22-0513', '', '5.13', 2051301, 'http://rgaa.net/Absence-d-elements-provoquant-des.html', 4, 2, 105),
(2059, 'Rgaa22-0514', '', '5.14', 2051401, 'http://rgaa.net/Absence-de-code-javascript,59.html', 4, 2, 105),
(2060, 'Rgaa22-0515', '', '5.15', 2051501, 'http://rgaa.net/Absence-de-mise-en-forme.html', 4, 2, 105),
(2061, 'Rgaa22-0516', '', '5.16', 2051601, 'http://rgaa.net/Compatibilite-des-elements.html', 4, 2, 105),
(2062, 'Rgaa22-0517', '', '5.17', 2051701, 'http://rgaa.net/Absence-totale-de-changements.html', 6, 2, 105),
(2063, 'Rgaa22-0518', '', '5.18', 2051801, 'http://rgaa.net/Presence-du-sous-titrage,63.html', 5, 2, 105),
(2064, 'Rgaa22-0519', '', '5.19', 2051901, 'http://rgaa.net/Absence-de-l-element-blink.html', 4, 2, 105),
(2065, 'Rgaa22-0520', '', '5.20', 2052001, 'http://rgaa.net/Absence-d-elements-provoquant-des,65.html', 4, 2, 105),
(2066, 'Rgaa22-0521', '', '5.21', 2052101, 'http://rgaa.net/Absence-de-code-javascript,66.html', 4, 2, 105),
(2067, 'Rgaa22-0522', '', '5.22', 2052201, 'http://rgaa.net/Absence-de-mise-en-forme,67.html', 4, 2, 105),
(2068, 'Rgaa22-0523', '', '5.23', 2052301, 'http://rgaa.net/Absence-d-element-marquee.html', 4, 2, 105),
(2069, 'Rgaa22-0524', '', '5.24', 2052401, 'http://rgaa.net/Absence-d-elements-affichant-des.html', 4, 2, 105),
(2070, 'Rgaa22-0525', '', '5.25', 2052501, 'http://rgaa.net/Absence-de-code-javascript,70.html', 4, 2, 105),
(2071, 'Rgaa22-0526', '', '5.26', 2052601, 'http://rgaa.net/Absence-de-mise-en-forme,71.html', 4, 2, 105),
(2072, 'Rgaa22-0527', '', '5.27', 2052701, 'http://rgaa.net/Independance-du-peripherique-d.html', 4, 2, 105),
(2073, 'Rgaa22-0528', '', '5.28', 2052801, 'http://rgaa.net/Presence-d-une-alternative-aux,73.html', 4, 2, 105),
(2074, 'Rgaa22-0529', '', '5.29', 2052901, 'http://rgaa.net/Absence-d-elements-declenchant-la.html', 4, 2, 105),
(2075, 'Rgaa22-0530', '', '5.30', 2053001, 'http://rgaa.net/Absence-d-element-bgsound.html', 4, 2, 105),
(2076, 'Rgaa22-0531', '', '5.31', 2053101, 'http://rgaa.net/Presence-de-version-en-langue-des.html', 6, 2, 105),
(2077, 'Rgaa22-0532', '', '5.32', 2053201, 'http://rgaa.net/Pertinence-de-la-version-en-langue.html', 6, 2, 105),
(2078, 'Rgaa22-0533', '', '5.33', 2053301, 'http://rgaa.net/Niveau-sonore-de-la-piste-de.html', 6, 2, 105),
(2079, 'Rgaa22-0534', '', '5.34', 2053401, 'http://rgaa.net/Presence-d-un-mecanisme-pour.html', 6, 2, 105),
(2080, 'Rgaa22-0601', '', '6.1', 2060101, 'http://rgaa.net/Acces-aux-ens-textuels-doublant.html', 4, 2, 106),
(2081, 'Rgaa22-0602', '', '6.2', 2060201, 'http://rgaa.net/Presence-d-un-avertissement.html', 4, 2, 106),
(2082, 'Rgaa22-0603', '', '6.3', 2060301, 'http://rgaa.net/Presence-d-un-avertissement,82.html', 4, 2, 106),
(2083, 'Rgaa22-0604', '', '6.4', 2060401, 'http://rgaa.net/Presence-d-un-avertissement,83.html', 4, 2, 106),
(2084, 'Rgaa22-0605', '', '6.5', 2060501, 'http://rgaa.net/Absence-d-ouverture-de-nouvelles.html', 4, 2, 106),
(2085, 'Rgaa22-0606', '', '6.6', 2060601, 'http://rgaa.net/Absence-de-piege-lors-de-la.html', 4, 2, 106),
(2086, 'Rgaa22-0607', '', '6.7', 2060701, 'http://rgaa.net/Absence-d-element-meta-provoquant.html', 4, 2, 106),
(2087, 'Rgaa22-0608', '', '6.8', 2060801, 'http://rgaa.net/Absence-de-code-javascript.html', 4, 2, 106),
(2088, 'Rgaa22-0609', '', '6.9', 2060901, 'http://rgaa.net/Absence-d-elements-provoquant-un.html', 4, 2, 106),
(2089, 'Rgaa22-0610', '', '6.10', 2061001, 'http://rgaa.net/Absence-d-element-meta-provoquant,89.html', 4, 2, 106),
(2090, 'Rgaa22-0611', '', '6.11', 2061101, 'http://rgaa.net/Absence-de-code-javascript,90.html', 4, 2, 106),
(2091, 'Rgaa22-0612', '', '6.12', 2061201, 'http://rgaa.net/Absence-d-elements-provoquant-une.html', 4, 2, 106),
(2092, 'Rgaa22-0613', '', '6.13', 2061301, 'http://rgaa.net/Possibite-d-identifier-la.html', 4, 2, 106),
(2093, 'Rgaa22-0614', '', '6.14', 2061401, 'http://rgaa.net/Possibite-d-identifier-la,93.html', 6, 2, 106),
(2094, 'Rgaa22-0615', '', '6.15', 2061501, 'http://rgaa.net/Coherence-de-la-destination-ou-de.html', 4, 2, 106),
(2095, 'Rgaa22-0616', '', '6.16', 2061601, 'http://rgaa.net/Absence-de-ens-sans-intitule.html', 4, 2, 106),
(2096, 'Rgaa22-0617', '', '6.17', 2061701, 'http://rgaa.net/Presence-d-une-page-contenant-le.html', 5, 2, 106),
(2097, 'Rgaa22-0618', '', '6.18', 2061801, 'http://rgaa.net/Coherence-du-plan-du-site.html', 5, 2, 106),
(2098, 'Rgaa22-0619', '', '6.19', 2061901, 'http://rgaa.net/Presence-d-un-acces-a-la-page.html', 5, 2, 106),
(2099, 'Rgaa22-0620', '', '6.20', 2062001, 'http://rgaa.net/Presence-d-un-fil-d-ariane.html', 6, 2, 106),
(2100, 'Rgaa22-0621', '', '6.21', 2062101, 'http://rgaa.net/Presence-de-menus-ou-de-barres-de.html', 5, 2, 106),
(2101, 'Rgaa22-0622', '', '6.22', 2062201, 'http://rgaa.net/Coherence-de-la-position-des-menus.html', 5, 2, 106),
(2102, 'Rgaa22-0623', '', '6.23', 2062301, 'http://rgaa.net/Coherence-de-la-presentation-des.html', 5, 2, 106),
(2103, 'Rgaa22-0624', '', '6.24', 2062401, 'http://rgaa.net/Navigation-au-clavier-dans-un.html', 4, 2, 106),
(2104, 'Rgaa22-0625', '', '6.25', 2062501, 'http://rgaa.net/Presence-d-un-avertissement,104.html', 6, 2, 106),
(2105, 'Rgaa22-0626', '', '6.26', 2062601, 'http://rgaa.net/Presence-des-informations-de.html', 4, 2, 106),
(2106, 'Rgaa22-0627', '', '6.27', 2062701, 'http://rgaa.net/Presence-des-informations-de-poids.html', 4, 2, 106),
(2107, 'Rgaa22-0628', '', '6.28', 2062801, 'http://rgaa.net/Presence-des-informations-de,107.html', 4, 2, 106),
(2108, 'Rgaa22-0629', '', '6.29', 2062901, 'http://rgaa.net/Presence-de-regroupement-pour-les.html', 4, 2, 106),
(2109, 'Rgaa22-0630', '', '6.30', 2063001, 'http://rgaa.net/Presence-d-un-basage-permettant.html', 4, 2, 106),
(2110, 'Rgaa22-0631', '', '6.31', 2063101, 'http://rgaa.net/Presence-de-ens-d-evitement-ou-d.html', 4, 2, 106),
(2111, 'Rgaa22-0632', '', '6.32', 2063201, 'http://rgaa.net/Coherence-des-ens-d-evitement-ou.html', 4, 2, 106),
(2112, 'Rgaa22-0633', '', '6.33', 2063301, 'http://rgaa.net/Ordre-des-liens-d-evitement-ou-d.html', 5, 2, 106),
(2113, 'Rgaa22-0634', '', '6.34', 2063401, 'http://rgaa.net/Presence-d-un-moteur-de-recherche.html', 5, 2, 106),
(2114, 'Rgaa22-0635', '', '6.35', 2063501, 'http://rgaa.net/Possibilite-de-naviguer-facilement.html', 5, 2, 106),
(2115, 'Rgaa22-0636', '', '6.36', 2063601, 'http://rgaa.net/Presence-d-une-indication-de-la.html', 6, 2, 106),
(2116, 'Rgaa22-0701', '', '7.1', 2070101, 'http://rgaa.net/Absence-de-generation-de-contenus.html', 4, 2, 107),
(2117, 'Rgaa22-0702', '', '7.2', 2070201, 'http://rgaa.net/Absence-d-alteration-de-la.html', 4, 2, 107),
(2118, 'Rgaa22-0703', '', '7.3', 2070301, 'http://rgaa.net/Lisibilite-des-informations.html', 4, 2, 107),
(2119, 'Rgaa22-0704', '', '7.4', 2070401, 'http://rgaa.net/Absence-d-espaces-utilises-pour.html', 4, 2, 107),
(2120, 'Rgaa22-0705', '', '7.5', 2070501, 'http://rgaa.net/Absence-de-definition-d-une.html', 5, 2, 107),
(2121, 'Rgaa22-0706', '', '7.6', 2070601, 'http://rgaa.net/Possibilite-de-remplacer-les.html', 5, 2, 107),
(2122, 'Rgaa22-0707', '', '7.7', 2070701, 'http://rgaa.net/Possibilite-de-remplacer-les,122.html', 6, 2, 107),
(2123, 'Rgaa22-0708', '', '7.8', 2070801, 'http://rgaa.net/Absence-d-attributs-ou-d-elements.html', 4, 2, 107),
(2124, 'Rgaa22-0709', '', '7.9', 2070901, 'http://rgaa.net/Absence-d-elements-HTML-utilises-a.html', 4, 2, 107),
(2125, 'Rgaa22-0710', '', '7.10', 2071001, 'http://rgaa.net/Maintien-de-la-distinction.html', 4, 2, 107),
(2126, 'Rgaa22-0711', '', '7.11', 2071101, 'http://rgaa.net/Absence-de-suppression-de-l-effet.html', 4, 2, 107),
(2127, 'Rgaa22-0712', '', '7.12', 2071201, 'http://rgaa.net/Absence-de-justification-du-texte.html', 6, 2, 107),
(2128, 'Rgaa22-0713', '', '7.13', 2071301, 'http://rgaa.net/Lisibilite-du-document-en-cas-d.html', 5, 2, 107),
(2129, 'Rgaa22-0714', '', '7.14', 2071401, 'http://rgaa.net/Absence-d-unites-absolues-ou-de.html', 5, 2, 107),
(2130, 'Rgaa22-0715', '', '7.15', 2071501, 'http://rgaa.net/Absence-d-apparition-de-barre-de.html', 6, 2, 107),
(2131, 'Rgaa22-0716', '', '7.16', 2071601, 'http://rgaa.net/Largeur-des-blocs-de-textes.html', 6, 2, 107),
(2132, 'Rgaa22-0717', '', '7.17', 2071701, 'http://rgaa.net/Valeur-de-l-espace-entre-les.html', 6, 2, 107),
(2133, 'Rgaa22-0718', '', '7.18', 2071801, 'http://rgaa.net/Restitution-correcte-dans-les.html', 4, 2, 107),
(2134, 'Rgaa22-0801', '', '8.1', 2080101, 'http://rgaa.net/Mise-a-jour-des-alternatives-aux.html', 4, 2, 108),
(2135, 'Rgaa22-0802', '', '8.2', 2080201, 'http://rgaa.net/Universalite-du-gestionnaire-d.html', 4, 2, 108),
(2136, 'Rgaa22-0803', '', '8.3', 2080301, 'http://rgaa.net/Universalite-des-gestionnaires-d.html', 4, 2, 108),
(2137, 'Rgaa22-0804', '', '8.4', 2080401, 'http://rgaa.net/Possibilite-de-desactiver-toute.html', 6, 2, 108),
(2138, 'Rgaa22-0805', '', '8.5', 2080501, 'http://rgaa.net/Absence-de-changements-de-contexte.html', 4, 2, 108),
(2139, 'Rgaa22-0806', '', '8.6', 2080601, 'http://rgaa.net/Ordre-d-acces-au-clavier-aux.html', 4, 2, 108),
(2140, 'Rgaa22-0807', '', '8.7', 2080701, 'http://rgaa.net/Utilisation-correcte-du-role-des.html', 4, 2, 108),
(2141, 'Rgaa22-0808', '', '8.8', 2080801, 'http://rgaa.net/Presence-d-une-alternative-au-code.html', 4, 2, 108),
(2142, 'Rgaa22-0809', '', '8.9', 2080901, 'http://rgaa.net/Absence-de-suppression-du-focus.html', 4, 2, 108),
(2143, 'Rgaa22-0810', '', '8.10', 2080101, 'http://rgaa.net/Absence-de-limite-de-temps-pour.html', 6, 2, 108),
(2144, 'Rgaa22-0811', '', '8.11', 2080111, 'http://rgaa.net/Absence-de-perte-d-informations.html', 6, 2, 108),
(2145, 'Rgaa22-0812', '', '8.12', 2080121, 'http://rgaa.net/Presence-d-une-alternative-au-code,145.html', 4, 2, 108),
(2146, 'Rgaa22-0813', '', '8.13', 2080131, 'http://rgaa.net/Accessibilite-des-contenus.html', 4, 2, 108),
(2147, 'Rgaa22-0901', '', '9.1', 2090101, 'http://rgaa.net/Presence-de-la-declaration-d.html', 4, 2, 109),
(2148, 'Rgaa22-0902', '', '9.2', 2090201, 'http://rgaa.net/Conformite-de-la-position-de-la.html', 4, 2, 109),
(2149, 'Rgaa22-0903', '', '9.3', 2090301, 'http://rgaa.net/Conformite-syntaxique-de-la.html', 4, 2, 109),
(2150, 'Rgaa22-0904', '', '9.4', 2090401, 'http://rgaa.net/Validite-du-code-HTML-XHTML-au.html', 4, 2, 109),
(2151, 'Rgaa22-0905', '', '9.5', 2090501, 'http://rgaa.net/Absence-de-composants-obsoletes.html', 4, 2, 109),
(2152, 'Rgaa22-0906', '', '9.6', 2090601, 'http://rgaa.net/Presence-d-un-titre-dans-la-page.html', 4, 2, 109),
(2153, 'Rgaa22-0907', '', '9.7', 2090701, 'http://rgaa.net/Pertinence-du-titre-de-la-page.html', 4, 2, 109),
(2154, 'Rgaa22-0908', '', '9.8', 2090801, 'http://rgaa.net/Presence-d-une-langue-de.html', 4, 2, 109),
(2155, 'Rgaa22-1001', '', '10.1', 2100101, 'http://rgaa.net/Presence-d-au-moins-un-titre-de.html', 4, 2, 110),
(2156, 'Rgaa22-1002', '', '10.2', 2100201, 'http://rgaa.net/Pertinence-du-contenu-des-titres.html', 4, 2, 110),
(2157, 'Rgaa22-1003', '', '10.3', 2100301, 'http://rgaa.net/Absence-d-interruption-dans-la.html', 4, 2, 110),
(2158, 'Rgaa22-1004', '', '10.4', 2100401, 'http://rgaa.net/Presence-d-une-hierarchie-de.html', 4, 2, 110),
(2159, 'Rgaa22-1005', '', '10.5', 2100501, 'http://rgaa.net/Absence-de-simulation-visuelle-de.html', 4, 2, 110),
(2160, 'Rgaa22-1006', '', '10.6', 2100601, 'http://rgaa.net/Utilisation-systematique-de-listes.html', 4, 2, 110),
(2161, 'Rgaa22-1007', '', '10.7', 2100701, 'http://rgaa.net/Balisage-correct-des-listes-de.html', 4, 2, 110),
(2162, 'Rgaa22-1008', '', '10.8', 2100801, 'http://rgaa.net/Balisage-correct-des-citations.html', 4, 2, 110),
(2163, 'Rgaa22-1009', '', '10.9', 2100901, 'http://rgaa.net/Balisage-correct-des-abreviations.html', 6, 2, 110),
(2164, 'Rgaa22-1010', '', '10.10', 2101001, 'http://rgaa.net/Balisage-correct-des-acronymes.html', 6, 2, 110),
(2165, 'Rgaa22-1011', '', '10.11', 2101101, 'http://rgaa.net/Pertinence-de-la-version-non.html', 6, 2, 110),
(2166, 'Rgaa22-1012', '', '10.12', 2101201, 'http://rgaa.net/Pertinence-de-la-version-complete.html', 6, 2, 110),
(2167, 'Rgaa22-1013', '', '10.13', 2101301, 'http://rgaa.net/Accessibilite-des-documents.html', 4, 2, 110),
(2168, 'Rgaa22-1101', '', '11.1', 2110101, 'http://rgaa.net/Presence-des-balises-th-pour.html', 4, 2, 111),
(2169, 'Rgaa22-1102', '', '11.2', 2110201, 'http://rgaa.net/Presence-d-une-relation-entre-les.html', 4, 2, 111),
(2170, 'Rgaa22-1103', '', '11.3', 2110301, 'http://rgaa.net/Presence-d-une-relation-entre-les,170.html', 4, 2, 111),
(2171, 'Rgaa22-1104', '', '11.4', 2110401, 'http://rgaa.net/Absence-des-elements-propres-aux.html', 4, 2, 111),
(2172, 'Rgaa22-1105', '', '11.5', 2110501, 'http://rgaa.net/Absence-de-tableaux-de-donnees-ou.html', 4, 2, 111),
(2173, 'Rgaa22-1106', '', '11.6', 2110601, 'http://rgaa.net/Linearisation-correcte-des.html', 4, 2, 111),
(2174, 'Rgaa22-1107', '', '11.7', 2110701, 'http://rgaa.net/Presence-d-un-titre-pour-les.html', 4, 2, 111),
(2175, 'Rgaa22-1108', '', '11.8', 2110801, 'http://rgaa.net/Presence-d-un-resume-pour-les.html', 4, 2, 111),
(2176, 'Rgaa22-1109', '', '11.9', 2110901, 'http://rgaa.net/Pertinence-du-titre-du-tableau-de.html', 4, 2, 111),
(2177, 'Rgaa22-1110', '', '11.10', 2111001, 'http://rgaa.net/Pertinence-du-resume-du-tableau-de.html', 4, 2, 111),
(2178, 'Rgaa22-1201', '', '12.1', 2120101, 'http://rgaa.net/Presence-de-l-indication-des.html', 5, 2, 112),
(2179, 'Rgaa22-1202', '', '12.2', 2120201, 'http://rgaa.net/Presence-de-l-indication-des,179.html', 5, 2, 112),
(2180, 'Rgaa22-1203', '', '12.3', 2120301, 'http://rgaa.net/Equivalence-de-l-information-mise.html', 4, 2, 112),
(2181, 'Rgaa22-1204', '', '12.4', 2120401, 'http://rgaa.net/Presence-de-liens-ou-de.html', 6, 2, 112),
(2182, 'Rgaa22-1205', '', '12.5', 2120501, 'http://rgaa.net/Absence-de-syntaxes-cryptiques-par.html', 4, 2, 112),
(2183, 'Rgaa22-1206', '', '12.6', 2120601, 'http://rgaa.net/Presence-d-informations-sur-les.html', 6, 2, 112),
(2184, 'Rgaa22-1207', '', '12.7', 2120701, 'http://rgaa.net/Presence-d-un-moyen-de,184.html', 4, 2, 112),
(2185, 'Rgaa22-1208', '', '12.8', 2120801, 'http://rgaa.net/Presence-d-un-autre-moyen-que-la,185.html', 4, 2, 112),
(2186, 'Rgaa22-1209', '', '12.9', 2120901, 'http://rgaa.net/Presence-d-un-autre-moyen-que-la,186.html', 4, 2, 112),
(2187, 'Rgaa22-1210', '', '12.10', 2121001, 'http://rgaa.net/Utilisation-d-un-style-de.html', 6, 2, 112);

SET foreign_key_checks=1;